Sequence,RK
AAAAAA,1.657295597
AAAAAC,1.599794083
AAAAAG,1.33531259
AAAAAT,1.757484504
AAAACA,1.405844865
AAAACC,0.562013811
AAAACG,0.739859614
AAAACT,1.409422837
AAAAGA,1.754755851
AAAAGC,1.246900579
AAAAGG,0.618529166
AAAAGT,0.361013433
AAAATA,1.598742005
AAAATC,1.133403097
AAAATG,1.393276682
AAAATT,1.591213877
AAACAA,1.740549294
AAACAC,2.072648885
AAACAG,1.559868154
AAACAT,2.247188028
AAACCA,0.270310313
AAACCC,0.619925153
AAACCG,0.588616394
AAACCT,0.400816501
AAACGA,0.990491728
AAACGC,0.539328522
AAACGG,0.416010876
AAACGT,0.365382819
AAACTA,1.243365519
AAACTC,1.138059495
AAACTG,-0.363396636
AAACTT,1.260616997
AAAGAA,1.818039985
AAAGAC,1.983235074
AAAGAG,1.224016705
AAAGAT,1.001271217
AAAGCA,1.288985949
AAAGCC,0.530713953
AAAGCG,0.782156613
AAAGCT,0.875956168
AAAGGA,0.36363427
AAAGGC,0.574357997
AAAGGG,0.249757721
AAAGGT,0.51745911
AAAGTA,1.119358819
AAAGTC,0.516831799
AAAGTG,0.880789619
AAAGTT,0.670197918
AAATAA,2.915593777
AAATAC,3.067161481
AAATAG,2.394220647
AAATAT,3.348067443
AAATCA,0.769370154
AAATCC,0.326413202
AAATCG,0.80896896
AAATCT,0.758465424
AAATGA,2.329551111
AAATGC,2.635862316
AAATGG,0.453718066
AAATGT,0.593197521
AAATTA,2.068536705
AAATTC,1.638442449
AAATTG,1.154221181
AAATTT,2.334470171
AACAAA,3.002518551
AACAAC,2.778500909
AACAAG,2.051786824
AACAAT,2.228252718
AACACA,1.831831788
AACACC,0.931041055
AACACG,0.544248961
AACACT,1.685575835
AACAGA,2.586844287
AACAGC,1.992375704
AACAGG,0.70702586
AACAGT,0.515076717
AACATA,2.23588671
AACATC,2.181302732
AACATG,1.664205399
AACATT,2.551079826
AACCAA,0.33000373
AACCAC,0.200099274
AACCAG,0.430259533
AACCAT,0.337353048
AACCCA,0.299400169
AACCCC,0.041267311
AACCCG,0.149443325
AACCCT,0.095883833
AACCGA,0.164549064
AACCGC,0.408679646
AACCGG,0.076404854
AACCGT,0.090766363
AACCTA,0.240550188
AACCTC,0.552218928
AACCTG,0.249957408
AACCTT,0.320752771
AACGAA,1.394685001
AACGAC,1.233279719
AACGAG,0.820159686
AACGAT,1.283453754
AACGCA,0.987066203
AACGCC,0.677527586
AACGCG,0.598094533
AACGCT,1.059640281
AACGGA,0.028088818
AACGGC,0.148832146
AACGGG,0.310233158
AACGGT,0.360847067
AACGTA,1.036986473
AACGTC,0.7664904
AACGTG,0.748649117
AACGTT,0.935019897
AACTAA,1.475056539
AACTAC,1.845918673
AACTAG,1.136841365
AACTAT,1.664703153
AACTCA,0.843447173
AACTCC,0.171509165
AACTCG,0.724810165
AACTCT,1.087204101
AACTGA,0.598903721
AACTGC,0.612968243
AACTGG,0.133921748
AACTGT,0.350834254
AACTTA,1.313704353
AACTTC,1.34916792
AACTTG,1.012094653
AACTTT,1.318040562
AAGAAA,2.461730914
AAGAAC,2.399625878
AAGAAG,1.773735055
AAGAAT,2.26099821
AAGACA,1.690560135
AAGACC,0.591016543
AAGACG,0.657685103
AAGACT,1.652782468
AAGAGA,2.076871028
AAGAGC,1.725790981
AAGAGG,0.904524592
AAGAGT,0.431941085
AAGATA,2.130159321
AAGATC,1.36067201
AAGATG,1.685542844
AAGATT,1.824737863
AAGCAA,1.824537282
AAGCAC,2.377790301
AAGCAG,1.705372501
AAGCAT,2.198249114
AAGCCA,0.269718822
AAGCCC,0.706673842
AAGCCG,0.294904491
AAGCCT,0.375563309
AAGCGA,1.412417978
AAGCGC,1.219962596
AAGCGG,0.605048152
AAGCGT,0.689856462
AAGCTA,0.98343772
AAGCTC,0.892617713
AAGCTG,0.029696214
AAGCTT,1.140946179
AAGGAA,0.712615273
AAGGAC,0.773546021
AAGGAG,0.562185042
AAGGAT,0.442196791
AAGGCA,0.087826171
AAGGCC,0.427823654
AAGGCG,0.307600304
AAGGCT,0.685717723
AAGGGA,0.472496047
AAGGGC,0.562909299
AAGGGG,0.313115984
AAGGGT,0.289093469
AAGGTA,0.332171453
AAGGTC,-0.033917249
AAGGTG,0.378821291
AAGGTT,0.3718464
AAGTAA,2.671000165
AAGTAC,2.715154559
AAGTAG,1.84630399
AAGTAT,2.384715928
AAGTCA,0.419854314
AAGTCC,0.313323099
AAGTCG,0.361810543
AAGTCT,0.382654905
AAGTGA,1.444427367
AAGTGC,1.176524702
AAGTGG,0.415405381
AAGTGT,0.829603355
AAGTTA,1.432540176
AAGTTC,1.233959891
AAGTTG,0.950558843
AAGTTT,1.443317145
AATAAA,2.521517111
AATAAC,2.714238275
AATAAG,2.018871963
AATAAT,2.634579589
AATACA,1.589201033
AATACC,0.655583469
AATACG,0.597520215
AATACT,1.799933036
AATAGA,2.95618517
AATAGC,2.588040953
AATAGG,0.803817301
AATAGT,0.661220713
AATATA,2.048120399
AATATC,1.833651008
AATATG,1.913277104
AATATT,2.325206343
AATCAA,0.772345845
AATCAC,1.3827424
AATCAG,0.700988253
AATCAT,1.08850423
AATCCA,0.43034594
AATCCC,0.467960318
AATCCG,0.22792396
AATCCT,0.321457333
AATCGA,0.855246602
AATCGC,0.649506817
AATCGG,0.394436062
AATCGT,0.512267719
AATCTA,0.429515668
AATCTC,0.636251333
AATCTG,0.326901864
AATCTT,0.241583434
AATGAA,2.060724094
AATGAC,2.52481466
AATGAG,1.008615964
AATGAT,0.578214054
AATGCA,1.523181399
AATGCC,0.475276221
AATGCG,1.179732522
AATGCT,0.715956101
AATGGA,0.211256132
AATGGC,0.312990778
AATGGG,0.197375818
AATGGT,1.306732311
AATGTA,1.3664059
AATGTC,1.175318472
AATGTG,0.918567855
AATGTT,0.50738817
AATTAA,3.452991971
AATTAC,3.380150726
AATTAG,2.862993757
AATTAT,3.682465445
AATTCA,0.897878288
AATTCC,0.11681986
AATTCG,0.674252209
AATTCT,1.017057818
AATTGA,2.995761606
AATTGC,2.906444908
AATTGG,0.515326269
AATTGT,0.63799967
AATTTA,2.3846899
AATTTC,1.196297175
AATTTG,1.441013988
AATTTT,2.280915699
ACAAAA,1.844838734
ACAAAC,1.882174778
ACAAAG,1.558878364
ACAAAT,1.804007081
ACAACA,0.993858514
ACAACC,0.860423797
ACAACG,0.854740895
ACAACT,1.031004235
ACAAGA,1.639174346
ACAAGC,1.76879549
ACAAGG,0.544223523
ACAAGT,0.331205918
ACAATA,1.404323732
ACAATC,0.337795883
ACAATG,1.627078946
ACAATT,1.327227579
ACACAA,1.879972313
ACACAC,2.747276907
ACACAG,1.453665203
ACACAT,2.699116556
ACACCA,0.345276573
ACACCC,0.99294056
ACACCG,0.416324981
ACACCT,0.77744002
ACACGA,1.151683346
ACACGC,0.757201556
ACACGG,0.625517351
ACACGT,0.592731213
ACACTA,1.401014477
ACACTC,1.650521632
ACACTG,-0.268936483
ACACTT,1.692129072
ACAGAA,1.533438536
ACAGAC,2.158536263
ACAGAG,1.460544162
ACAGAT,1.469916964
ACAGCA,1.111833086
ACAGCC,0.813104908
ACAGCG,1.099201239
ACAGCT,1.065690438
ACAGGA,0.509823799
ACAGGC,0.547620039
ACAGGG,0.484484629
ACAGGT,0.268538416
ACAGTA,1.080441821
ACAGTC,0.526207356
ACAGTG,1.029274159
ACAGTT,0.742737441
ACATAA,3.037510542
ACATAC,3.827345041
ACATAG,2.372324779
ACATAT,3.823272048
ACATCA,1.016383851
ACATCC,0.535992881
ACATCG,0.815208645
ACATCT,1.340397728
ACATGA,2.783856139
ACATGC,2.891922064
ACATGG,0.458019511
ACATGT,0.978832176
ACATTA,2.167570489
ACATTC,2.418035653
ACATTG,1.434999033
ACATTT,2.808284311
ACCAAA,1.154397273
ACCAAC,0.902447304
ACCAAG,0.842920736
ACCAAT,1.003511639
ACCACA,0.720729608
ACCACC,0.603222397
ACCACG,0.546370389
ACCACT,0.770932113
ACCAGA,0.951351484
ACCAGC,0.468318429
ACCAGG,0.867582474
ACCAGT,0.446371621
ACCATA,1.054754295
ACCATC,0.885827484
ACCATG,0.594984003
ACCATT,1.026612796
ACCCAA,0.740253855
ACCCAC,0.920059318
ACCCAG,0.404630663
ACCCAT,0.895228151
ACCCCA,0.539313605
ACCCCC,0.690535106
ACCCCG,0.226142346
ACCCCT,0.117519741
ACCCGA,0.255282185
ACCCGC,0.280185191
ACCCGG,0.077343471
ACCCGT,0.080075405
ACCCTA,0.440331666
ACCCTC,0.578531465
ACCCTG,0.285999649
ACCCTT,0.895127316
ACCGAA,0.11237968
ACCGAC,0.350792218
ACCGAG,0.34456498
ACCGAT,0.397571634
ACCGCA,0.087443948
ACCGCC,0.498279209
ACCGCG,0.189973802
ACCGCT,0.489914356
ACCGGA,0.099561619
ACCGGC,0.118653542
ACCGGG,-0.072968146
ACCGGT,-0.54285437
ACCGTA,0.398373269
ACCGTC,0.247835344
ACCGTG,0.284726712
ACCGTT,0.307461694
ACCTAA,1.177474658
ACCTAC,1.275946277
ACCTAG,0.994209336
ACCTAT,0.913669888
ACCTCA,0.848781829
ACCTCC,0.583226931
ACCTCG,0.735890876
ACCTCT,0.825872544
ACCTGA,0.335050731
ACCTGC,0.362654567
ACCTGG,0.073663548
ACCTGT,0.697508299
ACCTTA,0.861786427
ACCTTC,1.27425635
ACCTTG,0.868076706
ACCTTT,1.039693202
ACGAAA,1.286613909
ACGAAC,1.49831137
ACGAAG,1.183428451
ACGAAT,1.513505358
ACGACA,0.775147266
ACGACC,0.637174991
ACGACG,0.498230458
ACGACT,0.930308943
ACGAGA,0.864986932
ACGAGC,0.979484313
ACGAGG,0.674707962
ACGAGT,0.327672339
ACGATA,0.958625025
ACGATC,0.483140504
ACGATG,0.941404006
ACGATT,1.080086753
ACGCAA,0.969360488
ACGCAC,1.499010794
ACGCAG,0.930074105
ACGCAT,1.413093977
ACGCCA,0.456263115
ACGCCC,0.541839601
ACGCCG,0.601397649
ACGCCT,0.471820322
ACGCGA,1.031228151
ACGCGC,0.717556314
ACGCGG,0.316463176
ACGCGT,0.755913053
ACGCTA,0.797016262
ACGCTC,0.507969489
ACGCTG,-0.135128499
ACGCTT,0.916516943
ACGGAA,0.14040091
ACGGAC,0.240697663
ACGGAG,0.377074983
ACGGAT,0.300466945
ACGGCA,-0.143216731
ACGGCC,0.227882028
ACGGCG,0.257181296
ACGGCT,0.254434017
ACGGGA,0.230452088
ACGGGC,0.04138192
ACGGGG,0.024849722
ACGGGT,-0.002410949
ACGGTA,0.137196328
ACGGTC,0.177857354
ACGGTG,0.315541614
ACGGTT,0.188337074
ACGTAA,1.402225384
ACGTAC,1.353216573
ACGTAG,1.167905626
ACGTAT,1.467668763
ACGTCA,0.261605251
ACGTCC,0.281870005
ACGTCG,0.3395948
ACGTCT,0.379531241
ACGTGA,1.040478065
ACGTGC,0.858188682
ACGTGG,0.342886902
ACGTGT,0.541058354
ACGTTA,0.914213596
ACGTTC,0.482996795
ACGTTG,0.812364617
ACGTTT,1.048122865
ACTAAA,1.982298315
ACTAAC,1.763653194
ACTAAG,1.588160295
ACTAAT,2.125886244
ACTACA,1.273425587
ACTACC,0.533527625
ACTACG,0.872855674
ACTACT,1.489358488
ACTAGA,2.175759527
ACTAGC,1.720855908
ACTAGG,0.808309833
ACTAGT,0.570914381
ACTATA,1.766008831
ACTATC,1.506437529
ACTATG,2.031599045
ACTATT,2.060875936
ACTCAA,0.982120294
ACTCAC,1.292827651
ACTCAG,0.540092742
ACTCAT,1.384809309
ACTCCA,0.42785396
ACTCCC,0.892461174
ACTCCG,0.37650668
ACTCCT,0.330005251
ACTCGA,0.708711048
ACTCGC,0.635295643
ACTCGG,0.35941564
ACTCGT,0.511361357
ACTCTA,0.61195659
ACTCTC,0.537964994
ACTCTG,0.403862127
ACTCTT,0.476748932
ACTGAA,0.543662381
ACTGAC,0.836812635
ACTGAG,0.584496004
ACTGAT,0.527530035
ACTGCA,0.77100918
ACTGCC,0.657404978
ACTGCG,0.656703359
ACTGCT,0.717175147
ACTGGA,0.328156355
ACTGGC,0.331521853
ACTGGG,0.153198802
ACTGGT,0.6213698
ACTGTA,0.627002417
ACTGTC,0.56462973
ACTGTG,0.486415128
ACTGTT,0.362794626
ACTTAA,2.904121557
ACTTAC,3.052869266
ACTTAG,2.357951813
ACTTAT,3.497837162
ACTTCA,0.922363362
ACTTCC,0.411854688
ACTTCG,0.425637186
ACTTCT,1.080678546
ACTTGA,2.354833632
ACTTGC,2.160386746
ACTTGG,0.506722375
ACTTGT,0.401277336
ACTTTA,1.988200308
ACTTTC,1.45591449
ACTTTG,1.481735191
ACTTTT,2.036293006
AGAAAA,2.240361618
AGAAAC,1.949564581
AGAAAG,1.485713101
AGAAAT,1.954182496
AGAACA,1.413721188
AGAACC,0.745826634
AGAACG,0.490949446
AGAACT,1.492442752
AGAAGA,1.288157924
AGAAGC,0.93540299
AGAAGG,0.361874173
AGAAGT,0.330246427
AGAATA,1.558748675
AGAATC,1.471214073
AGAATG,1.221801316
AGAATT,1.776817658
AGACAA,1.380139633
AGACAC,1.781013297
AGACAG,1.320010622
AGACAT,1.883904028
AGACCA,0.248597236
AGACCC,0.402601142
AGACCG,0.470745823
AGACCT,0.625151888
AGACGA,0.302975415
AGACGC,0.563411446
AGACGG,0.228007144
AGACGT,0.396016633
AGACTA,0.974523733
AGACTC,0.889742987
AGACTG,-0.385048172
AGACTT,1.208549204
AGAGAA,1.727231836
AGAGAC,1.797621083
AGAGAG,1.38195502
AGAGAT,1.170761967
AGAGCA,1.162011059
AGAGCC,0.585600862
AGAGCG,1.061619269
AGAGCT,1.155227715
AGAGGA,0.288213533
AGAGGC,0.320642222
AGAGGG,0.439907579
AGAGGT,0.263369391
AGAGTA,0.939890291
AGAGTC,0.710685743
AGAGTG,0.783498409
AGAGTT,0.769409385
AGATAA,2.980177611
AGATAC,2.984937012
AGATAG,2.210415719
AGATAT,2.919879564
AGATCA,0.924965004
AGATCC,0.395902277
AGATCG,0.448757158
AGATCT,1.047585222
AGATGA,1.68513677
AGATGC,1.946389954
AGATGG,0.581081855
AGATGT,0.588192832
AGATTA,2.014579466
AGATTC,1.657657813
AGATTG,1.326864646
AGATTT,2.037376623
AGCAAA,2.378721837
AGCAAC,2.252563178
AGCAAG,1.950518712
AGCAAT,1.771561749
AGCACA,1.883184222
AGCACC,1.141391725
AGCACG,0.925760028
AGCACT,1.748739112
AGCAGA,2.224781936
AGCAGC,2.280117837
AGCAGG,1.132219178
AGCAGT,0.540676557
AGCATA,2.133832337
AGCATC,2.110178157
AGCATG,1.637140181
AGCATT,2.163944894
AGCCAA,0.598210515
AGCCAC,0.189959129
AGCCAG,0.409553868
AGCCAT,0.639443747
AGCCCA,0.331661211
AGCCCC,0.404147583
AGCCCG,0.194877566
AGCCCT,0.382926111
AGCCGA,0.025701233
AGCCGC,0.375414216
AGCCGG,0.340475754
AGCCGT,0.400774749
AGCCTA,0.193894872
AGCCTC,0.409735318
AGCCTG,0.431155912
AGCCTT,0.532294523
AGCGAA,1.643433405
AGCGAC,1.592192033
AGCGAG,1.472000374
AGCGAT,1.124604421
AGCGCA,1.618124021
AGCGCC,1.08048438
AGCGCG,1.097662753
AGCGCT,1.144419893
AGCGGA,0.38779628
AGCGGC,0.25577505
AGCGGG,0.340730921
AGCGGT,0.719435199
AGCGTA,0.957621678
AGCGTC,0.999740667
AGCGTG,0.838834397
AGCGTT,0.924924516
AGCTAA,1.258157674
AGCTAC,0.29664173
AGCTAG,1.20628043
AGCTAT,1.609586388
AGCTCA,0.384096646
AGCTCC,0.510846922
AGCTCG,0.32140746
AGCTCT,0.526799648
AGCTGA,0.659479139
AGCTGC,0.604685785
AGCTGG,0.149865736
AGCTGT,0.498296592
AGCTTA,1.162034365
AGCTTC,1.118628099
AGCTTG,0.733373562
AGCTTT,1.551439371
AGGAAA,0.834097902
AGGAAC,0.883512176
AGGAAG,0.975245812
AGGAAT,0.86350539
AGGACA,0.579628569
AGGACC,0.47626511
AGGACG,0.24121204
AGGACT,0.66255201
AGGAGA,0.922168698
AGGAGC,0.691164995
AGGAGG,0.748603833
AGGAGT,0.300783955
AGGATA,0.673310994
AGGATC,0.644226194
AGGATG,0.647936256
AGGATT,0.676950644
AGGCAA,0.410195907
AGGCAC,0.17540151
AGGCAG,0.35992295
AGGCAT,0.765106562
AGGCCA,0.378534792
AGGCCC,0.356004434
AGGCCG,0.260384049
AGGCCT,0.487856777
AGGCGA,0.4712284
AGGCGC,0.601206517
AGGCGG,0.350725733
AGGCGT,0.67429089
AGGCTA,0.646267703
AGGCTC,0.25765655
AGGCTG,0.057691268
AGGCTT,0.39230919
AGGGAA,0.396628074
AGGGAC,0.63831803
AGGGAG,0.59210848
AGGGAT,0.421331878
AGGGCA,0.386043739
AGGGCC,0.545666863
AGGGCG,0.404935749
AGGGCT,0.447997184
AGGGGA,0.499366808
AGGGGC,0.236326111
AGGGGG,0.468083375
AGGGGT,0.422968032
AGGGTA,0.457230932
AGGGTC,0.305243467
AGGGTG,0.417050969
AGGGTT,0.409513647
AGGTAA,0.475872813
AGGTAC,0.401405696
AGGTAG,0.454132651
AGGTAT,0.504312374
AGGTCA,-0.071516276
AGGTCC,0.25378469
AGGTCG,0.239232556
AGGTCT,0.048151011
AGGTGA,0.378986675
AGGTGC,0.184025943
AGGTGG,0.251555012
AGGTGT,0.684989518
AGGTTA,0.302620319
AGGTTC,0.195674213
AGGTTG,0.210351033
AGGTTT,0.21722747
AGTAAA,2.074175713
AGTAAC,1.897091703
AGTAAG,1.511223335
AGTAAT,1.713885578
AGTACA,1.01759447
AGTACC,0.714320143
AGTACG,0.64416675
AGTACT,1.436478515
AGTAGA,1.947891973
AGTAGC,1.616892258
AGTAGG,0.834695358
AGTAGT,0.317893058
AGTATA,1.516822023
AGTATC,1.448603594
AGTATG,1.400317356
AGTATT,1.918375532
AGTCAA,0.258208763
AGTCAC,0.283758878
AGTCAG,0.153364918
AGTCAT,0.307833801
AGTCCA,0.218180794
AGTCCC,0.432201469
AGTCCG,0.246454266
AGTCCT,0.283966029
AGTCGA,0.302778462
AGTCGC,0.1127357
AGTCGG,0.011574734
AGTCGT,0.296488575
AGTCTA,0.249438891
AGTCTC,0.1279258
AGTCTG,0.061974085
AGTCTT,0.172489095
AGTGAA,1.411562537
AGTGAC,1.137168596
AGTGAG,0.751969891
AGTGAT,0.391013976
AGTGCA,1.047372123
AGTGCC,0.762577725
AGTGCG,0.774836079
AGTGCT,0.499401557
AGTGGA,0.237419914
AGTGGC,0.165882742
AGTGGG,0.449601853
AGTGGT,0.494993177
AGTGTA,0.822071969
AGTGTC,0.568687291
AGTGTG,0.459015173
AGTGTT,0.196466583
AGTTAA,0.933373169
AGTTAC,0.854268892
AGTTAG,1.14103442
AGTTAT,1.158545248
AGTTCA,0.670730804
AGTTCC,0.30191622
AGTTCG,0.222019223
AGTTCT,0.838187585
AGTTGA,0.505707803
AGTTGC,0.494189564
AGTTGG,0.41478281
AGTTGT,0.396452567
AGTTTA,0.700262878
AGTTTC,0.462884991
AGTTTG,0.7124296
AGTTTT,0.962897054
ATAAAA,2.189546891
ATAAAC,2.195842447
ATAAAG,1.796462847
ATAAAT,2.035285917
ATAACA,1.397334594
ATAACC,0.591691947
ATAACG,0.589381609
ATAACT,1.458708427
ATAAGA,2.281390944
ATAAGC,1.682341318
ATAAGG,0.644633006
ATAAGT,0.347428673
ATAATA,1.85860133
ATAATC,1.241041833
ATAATG,1.597765338
ATAATT,2.087242725
ATACAA,1.846638749
ATACAC,2.72170322
ATACAG,1.60996117
ATACAT,2.819500541
ATACCA,0.319116456
ATACCC,0.41870326
ATACCG,0.340317714
ATACCT,0.354947996
ATACGA,0.713574927
ATACGC,0.899829457
ATACGG,0.402724255
ATACGT,0.423605005
ATACTA,1.262854457
ATACTC,1.334672776
ATACTG,-0.293740454
ATACTT,1.096947947
ATAGAA,2.093019489
ATAGAC,2.587624959
ATAGAG,1.674813004
ATAGAT,1.317250428
ATAGCA,1.504503255
ATAGCC,0.414549678
ATAGCG,0.884173364
ATAGCT,1.07574378
ATAGGA,0.281789684
ATAGGC,0.398654002
ATAGGG,0.552545566
ATAGGT,0.281458405
ATAGTA,1.331683919
ATAGTC,1.023997025
ATAGTG,1.092026775
ATAGTT,0.870425722
ATATAA,3.563086815
ATATAC,3.877159004
ATATAG,2.860161099
ATATAT,3.998008638
ATATCA,1.200320767
ATATCC,0.33651313
ATATCG,0.550236533
ATATCT,1.392894908
ATATGA,2.692708745
ATATGC,3.066351847
ATATGG,0.701895668
ATATGT,0.951596844
ATATTA,2.423151745
ATATTC,1.768821664
ATATTG,1.546633577
ATATTT,2.844892265
ATCAAA,1.364638659
ATCAAC,1.520670451
ATCAAG,1.019831609
ATCAAT,1.00783908
ATCACA,1.125610341
ATCACC,0.949521338
ATCACG,0.631345665
ATCACT,1.05014199
ATCAGA,1.245919782
ATCAGC,1.113493607
ATCAGG,0.367856797
ATCAGT,0.229789841
ATCATA,1.346377568
ATCATC,1.329280266
ATCATG,0.944261802
ATCATT,1.105663188
ATCCAA,0.235330681
ATCCAC,0.309316503
ATCCAG,0.474439249
ATCCAT,0.446696452
ATCCCA,0.474775523
ATCCCC,0.275271332
ATCCCG,0.28035807
ATCCCT,0.088503964
ATCCGA,0.338451715
ATCCGC,0.102943745
ATCCGG,0.188197684
ATCCGT,0.227575745
ATCCTA,0.156935219
ATCCTC,0.192689191
ATCCTG,0.184324266
ATCCTT,0.241149019
ATCGAA,0.890222373
ATCGAC,0.985988366
ATCGAG,0.798742345
ATCGAT,0.817629886
ATCGCA,1.140718197
ATCGCC,0.969966678
ATCGCG,0.732029264
ATCGCT,0.847410344
ATCGGA,0.45537607
ATCGGC,0.39369596
ATCGGG,0.268116747
ATCGGT,0.055090543
ATCGTA,1.211447644
ATCGTC,1.231099248
ATCGTG,0.698551644
ATCGTT,0.710490303
ATCTAA,0.828976544
ATCTAC,0.910310563
ATCTAG,0.549477444
ATCTAT,0.679256862
ATCTCA,0.58748045
ATCTCC,0.54105622
ATCTCG,0.538107949
ATCTCT,0.606197698
ATCTGA,0.059676512
ATCTGC,0.373673283
ATCTGG,0.188557021
ATCTGT,0.242609396
ATCTTA,0.643058016
ATCTTC,0.759825194
ATCTTG,0.466969467
ATCTTT,0.699321268
ATGAAA,2.450632567
ATGAAC,2.513864503
ATGAAG,1.574835675
ATGAAT,1.703494311
ATGACA,1.645726119
ATGACC,0.615778773
ATGACG,0.503976976
ATGACT,1.145173758
ATGAGA,1.913156573
ATGAGC,1.399496499
ATGAGG,0.915214577
ATGAGT,0.25165819
ATGATA,2.013066801
ATGATC,1.624710149
ATGATG,1.390928604
ATGATT,1.433129746
ATGCAA,2.2185914
ATGCAC,2.686642841
ATGCAG,1.766781503
ATGCAT,2.250030795
ATGCCA,0.406555421
ATGCCC,0.538298396
ATGCCG,0.30899092
ATGCCT,0.281355721
ATGCGA,1.088927302
ATGCGC,1.043568431
ATGCGG,0.35315186
ATGCGT,0.554303576
ATGCTA,1.157953649
ATGCTC,1.109134342
ATGCTG,0.256734091
ATGCTT,1.015653241
ATGGAA,0.565065868
ATGGAC,0.481492187
ATGGAG,0.419305626
ATGGAT,0.453963339
ATGGCA,0.45248379
ATGGCC,0.418094971
ATGGCG,0.492284512
ATGGCT,0.567715167
ATGGGA,0.336292402
ATGGGC,0.361356214
ATGGGG,0.442552045
ATGGGT,0.078808797
ATGGTA,0.172847239
ATGGTC,0.368736962
ATGGTG,0.312307314
ATGGTT,0.365850171
ATGTAA,3.19388522
ATGTAC,3.427250237
ATGTAG,2.071021709
ATGTAT,2.281514729
ATGTCA,0.845246249
ATGTCC,0.321302608
ATGTCG,0.787791631
ATGTCT,0.853467682
ATGTGA,1.172379326
ATGTGC,0.814608086
ATGTGG,0.224214631
ATGTGT,0.61740879
ATGTTA,2.18158129
ATGTTC,1.713618152
ATGTTG,1.209607296
ATGTTT,1.452210503
ATTAAA,2.722973915
ATTAAC,2.770915254
ATTAAG,1.934394961
ATTAAT,2.553765814
ATTACA,1.581846211
ATTACC,0.486949074
ATTACG,0.608314661
ATTACT,1.79017064
ATTAGA,2.786689871
ATTAGC,2.231663739
ATTAGG,0.995444748
ATTAGT,0.507642433
ATTATA,2.13116351
ATTATC,1.774409323
ATTATG,1.738104936
ATTATT,2.389486074
ATTCAA,0.782383234
ATTCAC,0.651289972
ATTCAG,0.43203981
ATTCAT,0.849795833
ATTCCA,0.118204147
ATTCCC,0.112443461
ATTCCG,0.318073861
ATTCCT,0.336787971
ATTCGA,0.317658087
ATTCGC,0.058641622
ATTCGG,0.234202135
ATTCGT,0.533909065
ATTCTA,0.549786867
ATTCTC,0.327909038
ATTCTG,0.25744845
ATTCTT,0.355169726
ATTGAA,1.837052191
ATTGAC,2.552307499
ATTGAG,1.134921484
ATTGAT,0.790847892
ATTGCA,1.616649072
ATTGCC,0.571739228
ATTGCG,0.608824402
ATTGCT,0.779167932
ATTGGA,0.200997788
ATTGGC,0.40670012
ATTGGG,0.267852514
ATTGGT,1.012956176
ATTGTA,1.520312126
ATTGTC,1.283973338
ATTGTG,0.727074146
ATTGTT,0.495823363
ATTTAA,2.923071541
ATTTAC,2.75815011
ATTTAG,2.293218486
ATTTAT,3.061202217
ATTTCA,0.522569692
ATTTCC,0.275451168
ATTTCG,0.183608117
ATTTCT,0.690117465
ATTTGA,0.598082597
ATTTGC,1.60202911
ATTTGG,0.410215787
ATTTGT,0.461152894
ATTTTA,1.894451044
ATTTTC,1.20132922
ATTTTG,1.031401732
ATTTTT,1.926380139
CAAAAA,1.703077231
CAAAAC,1.552854521
CAAAAG,1.11689453
CAAAAT,1.639632164
CAAACA,1.140408593
CAAACC,0.523685062
CAAACG,0.644665449
CAAACT,0.964455199
CAAAGA,1.492249632
CAAAGC,0.876691779
CAAAGG,0.448815159
CAAAGT,0.400901889
CAAATA,1.160430997
CAAATC,1.112719481
CAAATG,0.898295411
CAAATT,1.230445702
CAACAA,1.153643632
CAACAC,1.758040669
CAACAG,0.512638642
CAACAT,1.704396348
CAACCA,0.486183868
CAACCC,0.640290809
CAACCG,0.314871742
CAACCT,0.868151254
CAACGA,0.452074695
CAACGC,0.470926673
CAACGG,0.220973524
CAACGT,0.527010848
CAACTA,0.805774912
CAACTC,0.896254731
CAACTG,0.412437091
CAACTT,0.73578532
CAAGAA,1.252039144
CAAGAC,1.454718484
CAAGAG,0.593182386
CAAGAT,1.187052607
CAAGCA,0.578261565
CAAGCC,0.586560453
CAAGCG,0.791633276
CAAGCT,1.0837512
CAAGGA,0.020864384
CAAGGC,0.065673598
CAAGGG,0.296384942
CAAGGT,0.539052552
CAAGTA,0.84108067
CAAGTC,0.297777395
CAAGTG,0.485898896
CAAGTT,0.687225648
CAATAA,2.247981429
CAATAC,2.342909013
CAATAG,1.877035827
CAATAT,2.345985475
CAATCA,0.469729049
CAATCC,0.227880952
CAATCG,0.227069142
CAATCT,0.253870471
CAATGA,2.185145645
CAATGC,1.995498722
CAATGG,0.21178543
CAATGT,0.515076636
CAATTA,1.317944035
CAATTC,1.460624756
CAATTG,0.219681808
CAATTT,1.400489215
CACAAA,2.767238915
CACAAC,2.643429524
CACAAG,1.824510884
CACAAT,2.539866665
CACACA,1.819004049
CACACC,0.86047272
CACACG,0.792165054
CACACT,2.204365926
CACAGA,2.48158956
CACAGC,2.132829837
CACAGG,1.022198647
CACAGT,0.545262683
CACATA,2.699686467
CACATC,2.269174376
CACATG,1.732308376
CACATT,2.821976464
CACCAA,0.946427349
CACCAC,1.129997111
CACCAG,0.557846151
CACCAT,0.975902905
CACCCA,0.552563292
CACCCC,0.441677725
CACCCG,0.504665762
CACCCT,0.625963124
CACCGA,0.52991618
CACCGC,0.360989272
CACCGG,0.10026753
CACCGT,0.43323349
CACCTA,0.714995979
CACCTC,0.823626018
CACCTG,0.506903402
CACCTT,0.991851471
CACGAA,1.654498757
CACGAC,1.148119903
CACGAG,1.254385219
CACGAT,1.361823076
CACGCA,0.89530816
CACGCC,0.583649593
CACGCG,0.540311708
CACGCT,1.42057114
CACGGA,0.374341846
CACGGC,0.012475563
CACGGG,0.058377631
CACGGT,0.358725747
CACGTA,1.00389117
CACGTC,0.759408715
CACGTG,0.771224179
CACGTT,1.037924861
CACTAA,2.740536633
CACTAC,2.733276414
CACTAG,2.086615952
CACTAT,2.657714595
CACTCA,0.515506969
CACTCC,0.424810033
CACTCG,0.349620785
CACTCT,0.673766326
CACTGA,1.099262244
CACTGC,0.98210244
CACTGG,0.405167395
CACTGT,0.198291442
CACTTA,2.006123572
CACTTC,1.636124889
CACTTG,1.332714187
CACTTT,2.360147826
CAGAAA,1.87271209
CAGAAC,1.93079708
CAGAAG,1.525780764
CAGAAT,1.755186512
CAGACA,0.955180791
CAGACC,0.806304306
CAGACG,0.672609247
CAGACT,1.224780354
CAGAGA,1.675408889
CAGAGC,1.762189303
CAGAGG,0.71046971
CAGAGT,0.326989022
CAGATA,1.382191728
CAGATC,1.157211346
CAGATG,0.920347368
CAGATT,1.729386742
CAGCAA,1.328495751
CAGCAC,1.780112848
CAGCAG,0.931963179
CAGCAT,1.831341912
CAGCCA,0.380543866
CAGCCC,0.200999013
CAGCCG,0.489228672
CAGCCT,0.537774361
CAGCGA,1.287742617
CAGCGC,1.186036066
CAGCGG,0.467295631
CAGCGT,0.7113189
CAGCTA,0.875985754
CAGCTC,0.457648939
CAGCTG,-0.665630459
CAGCTT,0.976482746
CAGGAA,0.472327458
CAGGAC,0.852898901
CAGGAG,0.685446937
CAGGAT,0.512652697
CAGGCA,0.250535302
CAGGCC,0.430051604
CAGGCG,0.318058331
CAGGCT,0.495166637
CAGGGA,0.276929135
CAGGGC,0.242686279
CAGGGG,0.353083245
CAGGGT,0.201797568
CAGGTA,0.323106758
CAGGTC,0.221635179
CAGGTG,0.360427398
CAGGTT,0.445917884
CAGTAA,1.237847048
CAGTAC,1.072132273
CAGTAG,1.083923482
CAGTAT,1.448457854
CAGTCA,0.037482248
CAGTCC,0.082315517
CAGTCG,0.32243173
CAGTCT,0.285377174
CAGTGA,1.00216607
CAGTGC,0.91541091
CAGTGG,0.391781174
CAGTGT,0.507767932
CAGTTA,0.488607134
CAGTTC,0.444763061
CAGTTG,0.296589301
CAGTTT,0.606423745
CATAAA,2.492555098
CATAAC,2.497012582
CATAAG,1.805519248
CATAAT,2.677831766
CATACA,1.821653719
CATACC,0.933402777
CATACG,0.695902491
CATACT,1.918609084
CATAGA,2.827426464
CATAGC,2.323033164
CATAGG,1.125366488
CATAGT,0.673313995
CATATA,2.421921051
CATATC,1.664754651
CATATG,1.601061478
CATATT,2.336144088
CATCAA,1.287241144
CATCAC,2.066677608
CATCAG,1.149895849
CATCAT,1.738279177
CATCCA,0.368412324
CATCCC,0.452353567
CATCCG,0.431815208
CATCCT,0.377504759
CATCGA,1.011068895
CATCGC,1.18544037
CATCGG,0.450002424
CATCGT,0.479929251
CATCTA,0.749588508
CATCTC,0.665250581
CATCTG,0.201298767
CATCTT,0.501755262
CATGAA,1.679666077
CATGAC,2.085738803
CATGAG,0.905030835
CATGAT,0.742648735
CATGCA,1.540005444
CATGCC,0.760135083
CATGCG,1.135240922
CATGCT,0.806759982
CATGGA,0.208957383
CATGGC,0.32719307
CATGGG,0.17532945
CATGGT,1.019404657
CATGTA,1.227774225
CATGTC,0.692351137
CATGTG,0.556175763
CATGTT,0.532462654
CATTAA,3.268662463
CATTAC,3.53976571
CATTAG,2.677916712
CATTAT,3.476622492
CATTCA,1.094982294
CATTCC,0.218154762
CATTCG,0.569058749
CATTCT,1.169805717
CATTGA,3.352150103
CATTGC,3.049377701
CATTGG,0.507986123
CATTGT,0.608517031
CATTTA,2.414765219
CATTTC,1.442234181
CATTTG,1.487636539
CATTTT,2.649598586
CCAAAA,0.758913449
CCAAAC,0.827826964
CCAAAG,0.623564965
CCAAAT,0.530122154
CCAACA,0.465148783
CCAACC,0.453149431
CCAACG,-0.457300293
CCAACT,-1.164660893
CCAAGA,0.789849258
CCAAGC,0.550354005
CCAAGG,0.339291531
CCAAGT,0.284672395
CCAATA,0.683275526
CCAATC,0.457998875
CCAATG,0.312814225
CCAATT,0.445244488
CCACAA,0.910393742
CCACAC,1.126540442
CCACAG,0.187147925
CCACAT,0.72730843
CCACCA,0.491739171
CCACCC,0.380141609
CCACCG,0.477598866
CCACCT,0.522500403
CCACGA,0.74143204
CCACGC,0.73197965
CCACGG,0.495328937
CCACGT,0.170444943
CCACTA,0.358905124
CCACTC,0.500891634
CCACTG,-0.073357122
CCACTT,0.789125176
CCAGAA,0.454827185
CCAGAC,1.064918327
CCAGAG,0.54302731
CCAGAT,0.63514359
CCAGCA,0.544373887
CCAGCC,0.456163148
CCAGCG,0.216760121
CCAGCT,0.633123541
CCAGGA,0.337334581
CCAGGC,0.275424728
CCAGGG,0.261099223
CCAGGT,-0.447464955
CCAGTA,0.154082439
CCAGTC,0.001844525
CCAGTG,0.240826036
CCAGTT,0.397864902
CCATAA,1.214614809
CCATAC,1.40194901
CCATAG,0.856180188
CCATAT,1.228788127
CCATCA,0.681901289
CCATCC,0.361232617
CCATCG,0.352201898
CCATCT,0.468915756
CCATGA,1.180203143
CCATGC,1.169392295
CCATGG,0.5456672
CCATGT,0.209669859
CCATTA,0.802730711
CCATTC,1.0526358
CCATTG,0.333291878
CCATTT,1.158372801
CCCAAA,1.030033983
CCCAAC,0.882164862
CCCAAG,0.422717276
CCCAAT,0.759167144
CCCACA,0.951617492
CCCACC,0.41347813
CCCACG,0.237937878
CCCACT,0.409405871
CCCAGA,0.9084796
CCCAGC,0.502851115
CCCAGG,0.146846776
CCCAGT,0.189501209
CCCATA,0.812533688
CCCATC,0.405038046
CCCATG,0.321869216
CCCATT,0.657099268
CCCCAA,0.518469834
CCCCAC,0.505686731
CCCCAG,0.293278124
CCCCAT,0.437384719
CCCCCA,0.647879654
CCCCCC,0.146831959
CCCCCG,0.431345693
CCCCCT,0.728480779
CCCCGA,0.189824984
CCCCGC,0.348281773
CCCCGG,0.488214786
CCCCGT,-0.011344938
CCCCTA,0.5332859
CCCCTC,0.530691319
CCCCTG,0.257477918
CCCCTT,0.609242309
CCCGAA,0.557547219
CCCGAC,0.338403299
CCCGAG,0.323751442
CCCGAT,0.093833996
CCCGCA,0.082314357
CCCGCC,0.094608827
CCCGCG,0.416831865
CCCGCT,0.713951265
CCCGGA,-0.054495545
CCCGGC,0.154389461
CCCGGG,0.184724749
CCCGGT,-0.713815134
CCCGTA,0.332178951
CCCGTC,0.233305228
CCCGTG,0.065156039
CCCGTT,0.209445839
CCCTAA,0.758876494
CCCTAC,0.587279468
CCCTAG,0.968656267
CCCTAT,0.841379599
CCCTCA,0.650373228
CCCTCC,-0.082845482
CCCTCG,0.39837984
CCCTCT,0.723052682
CCCTGA,0.505586946
CCCTGC,0.754565244
CCCTGG,0.150926524
CCCTGT,0.317280647
CCCTTA,0.771278636
CCCTTC,0.898791853
CCCTTG,0.579246648
CCCTTT,0.995378301
CCGAAA,0.573166412
CCGAAC,0.443882346
CCGAAG,0.513996819
CCGAAT,0.548224911
CCGACA,0.361538212
CCGACC,0.442140115
CCGACG,0.081155157
CCGACT,0.233247303
CCGAGA,0.476262949
CCGAGC,0.411726392
CCGAGG,0.400969895
CCGAGT,0.432764888
CCGATA,0.113392719
CCGATC,0.02316061
CCGATG,0.366146846
CCGATT,0.289712559
CCGCAA,0.331262195
CCGCAC,0.252959398
CCGCAG,0.197489485
CCGCAT,0.448286143
CCGCCA,0.390159941
CCGCCC,0.502694177
CCGCCG,0.437287492
CCGCCT,0.144786342
CCGCGA,0.468630692
CCGCGC,0.221079101
CCGCGG,0.164125432
CCGCGT,0.102057502
CCGCTA,0.415187571
CCGCTC,0.239564129
CCGCTG,-0.749222774
CCGCTT,0.407559849
CCGGAA,0.425577285
CCGGAC,0.378461108
CCGGAG,0.199370629
CCGGAT,0.216806303
CCGGCA,-0.038393168
CCGGCC,0.065450395
CCGGCG,0.026382328
CCGGCT,0.139103058
CCGGGA,-0.022534762
CCGGGC,-0.099429171
CCGGGG,0.078835023
CCGGGT,-0.698501413
CCGGTA,0.009160608
CCGGTC,0.324265954
CCGGTG,-0.193796942
CCGGTT,0.035517886
CCGTAA,0.354075401
CCGTAC,0.489097001
CCGTAG,0.499079725
CCGTAT,0.447595843
CCGTCA,0.171863396
CCGTCC,0.411716807
CCGTCG,0.093917173
CCGTCT,0.142275323
CCGTGA,0.396858564
CCGTGC,0.049055147
CCGTGG,0.325253235
CCGTGT,0.363650029
CCGTTA,0.207688076
CCGTTC,0.368450409
CCGTTG,0.418947874
CCGTTT,0.283391668
CCTAAA,1.060142982
CCTAAC,0.890365476
CCTAAG,0.625564191
CCTAAT,0.984264039
CCTACA,0.836928603
CCTACC,0.718716098
CCTACG,0.412361975
CCTACT,0.729817152
CCTAGA,0.887246729
CCTAGC,0.61737398
CCTAGG,0.608992496
CCTAGT,-0.161521885
CCTATA,0.86066894
CCTATC,0.823446696
CCTATG,0.743059258
CCTATT,0.890045
CCTCAA,0.492511906
CCTCAC,0.870278571
CCTCAG,0.706211798
CCTCAT,0.947569705
CCTCCA,0.506551106
CCTCCC,0.955253695
CCTCCG,0.341517286
CCTCCT,0.536894828
CCTCGA,0.555950792
CCTCGC,0.663883281
CCTCGG,0.211399759
CCTCGT,0.228197973
CCTCTA,0.384672306
CCTCTC,0.368405488
CCTCTG,-0.030351164
CCTCTT,0.545869883
CCTGAA,0.563201533
CCTGAC,0.518928587
CCTGAG,0.420851308
CCTGAT,0.200660161
CCTGCA,0.270705937
CCTGCC,0.416286008
CCTGCG,0.040769491
CCTGCT,0.149000093
CCTGGA,0.126025933
CCTGGC,0.303998592
CCTGGG,0.358359262
CCTGGT,-0.436336755
CCTGTA,0.198812928
CCTGTC,0.19265973
CCTGTG,0.184558685
CCTGTT,0.495575305
CCTTAA,1.115702493
CCTTAC,1.522807087
CCTTAG,0.807936543
CCTTAT,1.293553878
CCTTCA,0.752832267
CCTTCC,0.240887082
CCTTCG,0.435037937
CCTTCT,0.464514792
CCTTGA,1.097994823
CCTTGC,1.008220908
CCTTGG,0.407208054
CCTTGT,0.206848456
CCTTTA,0.925530726
CCTTTC,0.761192959
CCTTTG,0.715212282
CCTTTT,1.020716344
CGAAAA,0.538852192
CGAAAC,0.66049597
CGAAAG,0.704711493
CGAAAT,0.681539065
CGAACA,0.386234302
CGAACC,0.423781417
CGAACG,0.635780528
CGAACT,0.365583605
CGAAGA,0.641269158
CGAAGC,0.614008963
CGAAGG,0.315406042
CGAAGT,0.334582354
CGAATA,0.442228298
CGAATC,0.426554497
CGAATG,0.494256001
CGAATT,0.461444995
CGACAA,0.476047096
CGACAC,0.545045265
CGACAG,0.400177225
CGACAT,0.668596874
CGACCA,0.294937576
CGACCC,0.354186179
CGACCG,0.532040907
CGACCT,0.580893743
CGACGA,0.417321477
CGACGC,0.363575166
CGACGG,0.234451901
CGACGT,0.426337928
CGACTA,0.344221355
CGACTC,0.104609138
CGACTG,-0.706617009
CGACTT,0.385315547
CGAGAA,0.62990824
CGAGAC,0.401006951
CGAGAG,0.490492486
CGAGAT,0.593996969
CGAGCA,0.177676784
CGAGCC,0.065501976
CGAGCG,0.427527722
CGAGCT,0.311713618
CGAGGA,0.310413706
CGAGGC,0.370081741
CGAGGG,0.34453237
CGAGGT,-0.054021428
CGAGTA,0.343732716
CGAGTC,0.267265344
CGAGTG,0.486298367
CGAGTT,0.335739496
CGATAA,0.614187806
CGATAC,0.694932902
CGATAG,0.719788661
CGATAT,0.832468106
CGATCA,0.032244357
CGATCC,0.247700264
CGATCG,0.134333009
CGATCT,0.346851804
CGATGA,0.660567669
CGATGC,0.656299261
CGATGG,0.468064548
CGATGT,0.604237548
CGATTA,0.445245953
CGATTC,0.466591261
CGATTG,0.31241397
CGATTT,0.507521922
CGCAAA,0.771810633
CGCAAC,0.683530669
CGCAAG,0.803866101
CGCAAT,0.881409315
CGCACA,0.456067042
CGCACC,0.635319382
CGCACG,0.257341711
CGCACT,0.779438808
CGCAGA,0.646272692
CGCAGC,0.900084551
CGCAGG,0.639759694
CGCAGT,0.481870236
CGCATA,0.625315091
CGCATC,0.757141303
CGCATG,0.609692973
CGCATT,0.656622095
CGCCAA,0.544503003
CGCCAC,0.776777917
CGCCAG,0.182323574
CGCCAT,0.603382307
CGCCCA,0.486682478
CGCCCC,0.710471293
CGCCCG,0.479962023
CGCCCT,0.288927746
CGCCGA,0.574454053
CGCCGC,0.13433648
CGCCGG,0.239419533
CGCCGT,0.305922821
CGCCTA,0.326254519
CGCCTC,0.342320367
CGCCTG,0.18634505
CGCCTT,0.284763984
CGCGAA,0.514062347
CGCGAC,0.462511327
CGCGAG,0.757719731
CGCGAT,0.426453359
CGCGCA,0.117726075
CGCGCC,0.488120665
CGCGCG,0.717460658
CGCGCT,0.489663474
CGCGGA,0.473825608
CGCGGC,0.235248095
CGCGGG,0.416617689
CGCGGT,0.37365741
CGCGTA,0.54428881
CGCGTC,0.070224596
CGCGTG,0.307938232
CGCGTT,0.422165391
CGCTAA,0.687143245
CGCTAC,0.500668609
CGCTAG,0.567097746
CGCTAT,0.598456304
CGCTCA,0.07382853
CGCTCC,0.132305815
CGCTCG,0.52831424
CGCTCT,0.549123345
CGCTGA,0.459885408
CGCTGC,0.536549824
CGCTGG,0.40574961
CGCTGT,0.3885673
CGCTTA,0.372042255
CGCTTC,0.767375687
CGCTTG,0.364265291
CGCTTT,0.588708057
CGGAAA,0.32623125
CGGAAC,-0.096684438
CGGAAG,0.183660266
CGGAAT,0.269274195
CGGACA,0.170726867
CGGACC,0.290186656
CGGACG,0.367368917
CGGACT,0.132349
CGGAGA,0.119117837
CGGAGC,0.337512636
CGGAGG,0.230937399
CGGAGT,0.102811125
CGGATA,0.195825025
CGGATC,0.206562538
CGGATG,0.334871451
CGGATT,0.266994071
CGGCAA,0.135558593
CGGCAC,-0.026389375
CGGCAG,0.340367531
CGGCAT,0.253262177
CGGCCA,0.152867006
CGGCCC,0.1664852
CGGCCG,0.203110314
CGGCCT,0.060880443
CGGCGA,0.440832519
CGGCGC,0.265719933
CGGCGG,0.248217847
CGGCGT,0.088522051
CGGCTA,0.472579272
CGGCTC,0.161539273
CGGCTG,-0.437075822
CGGCTT,0.258919124
CGGGAA,0.024995951
CGGGAC,-0.045739361
CGGGAG,0.136450783
CGGGAT,0.177167089
CGGGCA,0.050026392
CGGGCC,0.070363294
CGGGCG,0.158391398
CGGGCT,0.1788282
CGGGGA,0.116717552
CGGGGC,0.144128759
CGGGGG,0.279720611
CGGGGT,-0.236538901
CGGGTA,0.170268812
CGGGTC,0.139965245
CGGGTG,0.263882251
CGGGTT,0.302867334
CGGTAA,0.142041871
CGGTAC,0.103862917
CGGTAG,0.296533527
CGGTAT,0.141653823
CGGTCA,0.067529299
CGGTCC,0.041813949
CGGTCG,0.052006697
CGGTCT,0.085177452
CGGTGA,0.088696211
CGGTGC,0.20499492
CGGTGG,0.164813174
CGGTGT,-0.017834998
CGGTTA,0.003467672
CGGTTC,0.135726853
CGGTTG,0.198392735
CGGTTT,0.087589852
CGTAAA,0.645834871
CGTAAC,0.814328064
CGTAAG,0.870905765
CGTAAT,0.779951139
CGTACA,0.419812122
CGTACC,0.459659342
CGTACG,0.484803343
CGTACT,0.588115219
CGTAGA,0.560006933
CGTAGC,0.825088347
CGTAGG,0.47600733
CGTAGT,0.43123891
CGTATA,0.567409307
CGTATC,0.544183503
CGTATG,0.714036657
CGTATT,0.616161557
CGTCAA,0.14435581
CGTCAC,0.342633687
CGTCAG,0.334568138
CGTCAT,0.227661257
CGTCCA,0.197739436
CGTCCC,0.342155566
CGTCCG,0.299371602
CGTCCT,0.332270143
CGTCGA,0.031386096
CGTCGC,0.229978515
CGTCGG,0.189895605
CGTCGT,0.471805596
CGTCTA,0.301294079
CGTCTC,0.270071113
CGTCTG,0.061277953
CGTCTT,0.072261317
CGTGAA,0.196340405
CGTGAC,0.681698968
CGTGAG,0.462667276
CGTGAT,0.347462898
CGTGCA,0.151552172
CGTGCC,0.165406147
CGTGCG,0.426921444
CGTGCT,0.393586362
CGTGGA,0.390547016
CGTGGC,0.448335391
CGTGGG,0.324472306
CGTGGT,0.626891606
CGTGTA,0.308296028
CGTGTC,0.107716448
CGTGTG,0.483238848
CGTGTT,0.114248631
CGTTAA,0.674927715
CGTTAC,0.765109469
CGTTAG,0.596235306
CGTTAT,0.860754363
CGTTCA,0.27521978
CGTTCC,0.341260816
CGTTCG,0.318145067
CGTTCT,0.288226345
CGTTGA,0.607415969
CGTTGC,0.492718477
CGTTGG,0.649620671
CGTTGT,0.178065247
CGTTTA,0.400800892
CGTTTC,0.430702245
CGTTTG,0.554415096
CGTTTT,0.602088479
CTAAAA,1.662950813
CTAAAC,1.61758325
CTAAAG,1.120408803
CTAAAT,1.629986788
CTAACA,0.836045369
CTAACC,0.644977938
CTAACG,0.444188411
CTAACT,0.566287669
CTAAGA,1.283213741
CTAAGC,1.338743355
CTAAGG,0.282874634
CTAAGT,0.372312931
CTAATA,1.47455535
CTAATC,1.073246326
CTAATG,0.980591792
CTAATT,1.397136405
CTACAA,1.346880488
CTACAC,1.98010606
CTACAG,0.86030346
CTACAT,1.889586658
CTACCA,0.45749538
CTACCC,0.431156559
CTACCG,0.227979599
CTACCT,0.49608702
CTACGA,0.805554186
CTACGC,0.65513983
CTACGG,0.020088445
CTACGT,1.050710297
CTACTA,0.869808779
CTACTC,0.839773955
CTACTG,-0.623044534
CTACTT,1.125981123
CTAGAA,1.475432254
CTAGAC,1.728478035
CTAGAG,0.980908642
CTAGAT,1.077280543
CTAGCA,0.91847222
CTAGCC,0.511998285
CTAGCG,0.716107951
CTAGCT,0.566804732
CTAGGA,0.159432232
CTAGGC,0.522295686
CTAGGG,0.271934831
CTAGGT,0.423105357
CTAGTA,0.761252772
CTAGTC,0.402037346
CTAGTG,0.523327369
CTAGTT,0.742135942
CTATAA,2.793634826
CTATAC,2.951691007
CTATAG,2.03968008
CTATAT,3.047963382
CTATCA,1.183879059
CTATCC,0.362240153
CTATCG,0.6805316
CTATCT,1.264098412
CTATGA,2.387004589
CTATGC,2.294136742
CTATGG,0.504981755
CTATGT,0.469284951
CTATTA,1.839877864
CTATTC,1.72506339
CTATTG,0.922253815
CTATTT,2.347680933
CTCAAA,1.227531866
CTCAAC,1.325670048
CTCAAG,0.990025545
CTCAAT,1.123116876
CTCACA,0.881791959
CTCACC,0.683954312
CTCACG,0.377448315
CTCACT,0.689163426
CTCAGA,1.230236841
CTCAGC,1.072488254
CTCAGG,0.58954838
CTCAGT,0.590773442
CTCATA,1.090008539
CTCATC,0.901031117
CTCATG,0.870533597
CTCATT,1.222893425
CTCCAA,0.35093874
CTCCAC,0.444153093
CTCCAG,0.1326274
CTCCAT,0.369831954
CTCCCA,0.225003083
CTCCCC,0.053495846
CTCCCG,0.266561625
CTCCCT,0.018749192
CTCCGA,0.286480076
CTCCGC,0.180221502
CTCCGG,0.058303143
CTCCGT,0.235134012
CTCCTA,0.235488507
CTCCTC,0.184337349
CTCCTG,0.301537483
CTCCTT,0.315107346
CTCGAA,1.160314397
CTCGAC,1.138970002
CTCGAG,0.880761355
CTCGAT,0.824163278
CTCGCA,0.939710752
CTCGCC,1.157554674
CTCGCG,0.561233283
CTCGCT,1.011555545
CTCGGA,0.214506179
CTCGGC,0.098634911
CTCGGG,0.353274685
CTCGGT,0.272616552
CTCGTA,0.733546202
CTCGTC,0.758992844
CTCGTG,0.653566135
CTCGTT,0.7402503
CTCTAA,0.685867485
CTCTAC,0.752721674
CTCTAG,0.623945795
CTCTAT,0.869374398
CTCTCA,0.372667825
CTCTCC,0.274475381
CTCTCG,0.375660733
CTCTCT,0.404400717
CTCTGA,0.290350645
CTCTGC,0.435749286
CTCTGG,0.091480768
CTCTGT,0.080576451
CTCTTA,0.605889889
CTCTTC,0.833298536
CTCTTG,0.41462086
CTCTTT,0.66044108
CTGAAA,0.764146733
CTGAAC,0.655494936
CTGAAG,0.595398318
CTGAAT,0.527691807
CTGACA,0.825675519
CTGACC,0.463371709
CTGACG,0.466137446
CTGACT,0.570202915
CTGAGA,0.877619517
CTGAGC,-0.183975985
CTGAGG,0.449854181
CTGAGT,0.332469641
CTGATA,0.561084936
CTGATC,0.562319047
CTGATG,0.621588666
CTGATT,0.621667452
CTGCAA,1.094037092
CTGCAC,1.479035745
CTGCAG,0.93381536
CTGCAT,1.332519773
CTGCCA,0.388473255
CTGCCC,0.362569156
CTGCCG,0.209255797
CTGCCT,0.4105292
CTGCGA,0.61618069
CTGCGC,0.777036138
CTGCGG,0.485788555
CTGCGT,0.259669834
CTGCTA,0.645023578
CTGCTC,0.476575108
CTGCTG,-0.105645325
CTGCTT,0.899235578
CTGGAA,0.20790655
CTGGAC,0.44060848
CTGGAG,0.550508301
CTGGAT,0.406297667
CTGGCA,0.07955288
CTGGCC,-0.048894849
CTGGCG,-0.147050141
CTGGCT,0.447895952
CTGGGA,0.253393962
CTGGGC,0.065756729
CTGGGG,0.390228681
CTGGGT,0.123459596
CTGGTA,0.113065714
CTGGTC,0.212394553
CTGGTG,0.051839483
CTGGTT,0.286580643
CTGTAA,1.062312597
CTGTAC,1.146082711
CTGTAG,0.896937217
CTGTAT,1.099363297
CTGTCA,0.087799138
CTGTCC,0.203315184
CTGTCG,0.441850936
CTGTCT,0.273474164
CTGTGA,0.682852735
CTGTGC,0.573368553
CTGTGG,0.365308544
CTGTGT,0.540273183
CTGTTA,0.503480982
CTGTTC,0.352229947
CTGTTG,0.473934054
CTGTTT,0.497907916
CTTAAA,2.494861903
CTTAAC,2.30619187
CTTAAG,1.561565014
CTTAAT,2.34180171
CTTACA,1.175470738
CTTACC,0.528908904
CTTACG,0.507505119
CTTACT,1.590311801
CTTAGA,2.196726848
CTTAGC,1.849375816
CTTAGG,0.750988658
CTTAGT,0.342973373
CTTATA,2.02831905
CTTATC,1.762363985
CTTATG,1.390298986
CTTATT,2.095090761
CTTCAA,0.667909821
CTTCAC,0.871166235
CTTCAG,0.486621049
CTTCAT,0.846826507
CTTCCA,0.273099702
CTTCCC,0.2342002
CTTCCG,0.371328663
CTTCCT,0.263751649
CTTCGA,0.097401292
CTTCGC,0.370304735
CTTCGG,0.31661512
CTTCGT,0.444793283
CTTCTA,0.230128082
CTTCTC,0.255794411
CTTCTG,0.375331662
CTTCTT,0.511206658
CTTGAA,1.599512646
CTTGAC,2.101871173
CTTGAG,0.690486856
CTTGAT,0.458489472
CTTGCA,1.114616867
CTTGCC,0.642454065
CTTGCG,0.561460752
CTTGCT,0.45395065
CTTGGA,0.108036864
CTTGGC,0.07448608
CTTGGG,0.333099072
CTTGGT,0.671026277
CTTGTA,0.662469176
CTTGTC,0.253607767
CTTGTG,0.301389887
CTTGTT,0.248179666
CTTTAA,2.762116492
CTTTAC,2.926182274
CTTTAG,1.884911796
CTTTAT,3.028650299
CTTTCA,0.640264541
CTTTCC,0.410685554
CTTTCG,0.207349354
CTTTCT,0.87456225
CTTTGA,2.119456265
CTTTGC,1.911504109
CTTTGG,0.507618752
CTTTGT,0.368002807
CTTTTA,1.905373476
CTTTTC,1.298433974
CTTTTG,1.066401916
CTTTTT,2.068438273
GAAAAA,1.611138533
GAAAAC,1.652703432
GAAAAG,1.204624427
GAAAAT,1.511310681
GAAACA,1.036484879
GAAACC,0.615072323
GAAACG,0.65692446
GAAACT,0.991815877
GAAAGA,1.534682885
GAAAGC,0.960645453
GAAAGG,0.558308691
GAAAGT,0.280661342
GAAATA,1.342092056
GAAATC,1.12123951
GAAATG,1.612621588
GAAATT,1.366260948
GAACAA,1.179869006
GAACAC,1.739964685
GAACAG,1.145399009
GAACAT,1.619061748
GAACCA,0.400287867
GAACCC,0.176743592
GAACCG,0.319522668
GAACCT,0.346589234
GAACGA,0.349569957
GAACGC,0.358807029
GAACGG,0.319954795
GAACGT,0.299179282
GAACTA,0.989424169
GAACTC,0.986651561
GAACTG,-0.015119197
GAACTT,1.072568845
GAAGAA,1.318688617
GAAGAC,1.634220047
GAAGAG,1.075109996
GAAGAT,0.879327815
GAAGCA,1.22699687
GAAGCC,0.626395685
GAAGCG,0.878370551
GAAGCT,0.859051921
GAAGGA,0.366472489
GAAGGC,0.409317255
GAAGGG,0.511605338
GAAGGT,0.319630414
GAAGTA,0.956877403
GAAGTC,0.573552771
GAAGTG,0.781331272
GAAGTT,0.71969772
GAATAA,2.226297593
GAATAC,2.229430288
GAATAG,1.86735507
GAATAT,2.564204664
GAATCA,0.913550917
GAATCC,0.295980012
GAATCG,0.63195134
GAATCT,1.036510494
GAATGA,1.84562497
GAATGC,1.864458117
GAATGG,0.190998121
GAATGT,0.606695963
GAATTA,1.165632881
GAATTC,0.235493855
GAATTG,0.896724459
GAATTT,1.310321189
GACAAA,2.209499031
GACAAC,1.826179743
GACAAG,1.639736477
GACAAT,1.756369802
GACACA,1.501751527
GACACC,0.662370935
GACACG,0.687896246
GACACT,1.258649867
GACAGA,1.852708719
GACAGC,1.421559685
GACAGG,0.443025051
GACAGT,0.430826324
GACATA,1.954265394
GACATC,1.801897767
GACATG,1.542810889
GACATT,1.973842459
GACCAA,0.206345746
GACCAC,0.74902917
GACCAG,0.334852504
GACCAT,0.371631588
GACCCA,0.018543101
GACCCC,0.282594709
GACCCG,0.59044645
GACCCT,0.423024159
GACCGA,0.14304229
GACCGC,0.208694757
GACCGG,0.414960254
GACCGT,0.368000562
GACCTA,0.364207768
GACCTC,0.163924981
GACCTG,0.390048518
GACCTT,0.379299556
GACGAA,0.946982936
GACGAC,0.845092869
GACGAG,0.706028594
GACGAT,0.707792233
GACGCA,0.536386411
GACGCC,0.71037995
GACGCG,0.326587602
GACGCT,0.638098872
GACGGA,0.196540633
GACGGC,0.29464077
GACGGG,0.270402119
GACGGT,0.129692017
GACGTA,0.581911671
GACGTC,0.806932765
GACGTG,0.445411999
GACGTT,0.450803021
GACTAA,1.088616686
GACTAC,1.299052401
GACTAG,0.746500719
GACTAT,1.11956082
GACTCA,0.501106735
GACTCC,0.266170386
GACTCG,0.793386931
GACTCT,0.72170933
GACTGA,0.425055855
GACTGC,0.139502553
GACTGG,0.226916773
GACTGT,0.473613533
GACTTA,0.896859831
GACTTC,0.965563749
GACTTG,0.655730145
GACTTT,1.000822725
GAGAAA,1.580142681
GAGAAC,1.444708542
GAGAAG,1.539361938
GAGAAT,1.746388911
GAGACA,0.87592568
GAGACC,0.528404177
GAGACG,0.529014824
GAGACT,1.227320564
GAGAGA,1.78274232
GAGAGC,1.497237757
GAGAGG,0.62318543
GAGAGT,0.512507013
GAGATA,1.565286382
GAGATC,1.251954261
GAGATG,1.182650281
GAGATT,1.644680951
GAGCAA,1.52233489
GAGCAC,1.805935923
GAGCAG,1.40630474
GAGCAT,1.817086822
GAGCCA,0.278030478
GAGCCC,0.419071592
GAGCCG,0.365168071
GAGCCT,0.441480811
GAGCGA,0.891323845
GAGCGC,1.261260118
GAGCGG,0.135680036
GAGCGT,0.61725171
GAGCTA,0.929100346
GAGCTC,0.862069734
GAGCTG,-0.02068955
GAGCTT,1.114861677
GAGGAA,0.60336399
GAGGAC,0.487887738
GAGGAG,0.640773963
GAGGAT,0.388881666
GAGGCA,0.595658921
GAGGCC,0.600224999
GAGGCG,0.423256006
GAGGCT,0.451426661
GAGGGA,0.329947075
GAGGGC,0.33372816
GAGGGG,0.166833128
GAGGGT,0.27802473
GAGGTA,0.300223127
GAGGTC,0.212995683
GAGGTG,0.41215135
GAGGTT,0.406184676
GAGTAA,2.158772386
GAGTAC,2.212034918
GAGTAG,1.642933825
GAGTAT,2.162587866
GAGTCA,0.448588757
GAGTCC,0.328234814
GAGTCG,0.368092682
GAGTCT,0.350921865
GAGTGA,1.38629913
GAGTGC,1.193898429
GAGTGG,0.321828869
GAGTGT,0.526887955
GAGTTA,1.346030186
GAGTTC,0.612670581
GAGTTG,1.182003941
GAGTTT,1.404511217
GATAAA,2.153653464
GATAAC,2.086023782
GATAAG,1.487033976
GATAAT,2.083831724
GATACA,1.460143144
GATACC,0.472258965
GATACG,0.588197462
GATACT,1.488057616
GATAGA,2.174529209
GATAGC,2.063377917
GATAGG,0.622938804
GATAGT,0.59767557
GATATA,1.952301441
GATATC,1.723405933
GATATG,1.940431592
GATATT,2.01596188
GATCAA,0.829319302
GATCAC,1.315796785
GATCAG,0.917051974
GATCAT,0.960616656
GATCCA,0.312642237
GATCCC,0.703083815
GATCCG,0.207088354
GATCCT,0.121799143
GATCGA,0.478712564
GATCGC,0.360876936
GATCGG,0.187453143
GATCGT,0.612927953
GATCTA,0.527383702
GATCTC,0.468179316
GATCTG,0.169147157
GATCTT,0.28847552
GATGAA,1.727281585
GATGAC,1.802703087
GATGAG,0.829932075
GATGAT,0.544625658
GATGCA,1.246040697
GATGCC,0.661161486
GATGCG,0.718169235
GATGCT,0.605899179
GATGGA,0.353766359
GATGGC,0.256299124
GATGGG,0.440790114
GATGGT,1.075494887
GATGTA,1.204127734
GATGTC,0.703057372
GATGTG,0.685345953
GATGTT,0.510313949
GATTAA,2.622762605
GATTAC,2.882901197
GATTAG,2.225651332
GATTAT,3.252537293
GATTCA,0.816635409
GATTCC,0.262910321
GATTCG,0.464673418
GATTCT,0.871393008
GATTGA,2.362126508
GATTGC,2.365814174
GATTGG,0.432783352
GATTGT,0.70646575
GATTTA,2.001175885
GATTTC,1.02395962
GATTTG,1.355693325
GATTTT,1.938343681
GCAAAA,1.679287333
GCAAAC,1.617618192
GCAAAG,1.300722756
GCAAAT,1.432846898
GCAACA,0.980558363
GCAACC,0.740733265
GCAACG,0.696427151
GCAACT,1.137660392
GCAAGA,1.40116704
GCAAGC,1.399633338
GCAAGG,0.689167912
GCAAGT,0.372737524
GCAATA,1.213519122
GCAATC,0.551831734
GCAATG,1.569353077
GCAATT,1.241368094
GCACAA,1.460662927
GCACAC,2.184278635
GCACAG,1.17994594
GCACAT,2.017225508
GCACCA,0.362202051
GCACCC,0.566016641
GCACCG,0.083869632
GCACCT,0.618024982
GCACGA,0.816432402
GCACGC,0.573284702
GCACGG,0.387355196
GCACGT,0.386514362
GCACTA,1.266189461
GCACTC,1.221430708
GCACTG,-0.415179657
GCACTT,1.191044523
GCAGAA,1.667019712
GCAGAC,2.248551291
GCAGAG,1.238583512
GCAGAT,1.005596324
GCAGCA,0.957681893
GCAGCC,0.800880635
GCAGCG,1.090835038
GCAGCT,0.694296122
GCAGGA,0.353903329
GCAGGC,0.216567544
GCAGGG,0.533582691
GCAGGT,0.18176511
GCAGTA,0.963267291
GCAGTC,0.43527928
GCAGTG,0.714738641
GCAGTT,0.860820492
GCATAA,2.682438985
GCATAC,3.335874505
GCATAG,2.040943036
GCATAT,3.105437055
GCATCA,1.149027133
GCATCC,0.804490028
GCATCG,0.789141942
GCATCT,1.440670706
GCATGA,2.404507057
GCATGC,2.679994306
GCATGG,0.382674164
GCATGT,0.585852536
GCATTA,1.9416786
GCATTC,2.211624038
GCATTG,1.393684125
GCATTT,2.504877586
GCCAAA,1.059385791
GCCAAC,0.906583017
GCCAAG,0.878333408
GCCAAT,0.962494374
GCCACA,0.572881025
GCCACC,0.782179225
GCCACG,0.860243442
GCCACT,0.75082852
GCCAGA,1.14532846
GCCAGC,0.591099193
GCCAGG,0.316124188
GCCAGT,0.589410939
GCCATA,0.850714475
GCCATC,0.995747284
GCCATG,0.507440708
GCCATT,1.017169501
GCCCAA,0.633831822
GCCCAC,0.800360987
GCCCAG,0.424530169
GCCCAT,0.568864341
GCCCCA,0.512931013
GCCCCC,0.48016753
GCCCCG,0.257405957
GCCCCT,0.491834494
GCCCGA,0.309165721
GCCCGC,0.179352978
GCCCGG,0.231231559
GCCCGT,0.337710656
GCCCTA,0.301802553
GCCCTC,0.639087028
GCCCTG,0.665102775
GCCCTT,0.514720973
GCCGAA,0.09162168
GCCGAC,0.131684339
GCCGAG,0.244274603
GCCGAT,0.492044414
GCCGCA,0.324985437
GCCGCC,0.149122741
GCCGCG,0.274816821
GCCGCT,0.17407537
GCCGGA,0.24871058
GCCGGC,0.117421786
GCCGGG,0.04402082
GCCGGT,-0.651803652
GCCGTA,0.220757
GCCGTC,0.431949437
GCCGTG,0.092532962
GCCGTT,0.46405838
GCCTAA,1.184054491
GCCTAC,1.123019529
GCCTAG,0.994506684
GCCTAT,0.950377243
GCCTCA,1.004983618
GCCTCC,0.34041971
GCCTCG,0.868329225
GCCTCT,0.931840325
GCCTGA,0.47044016
GCCTGC,0.351277912
GCCTGG,0.286730899
GCCTGT,0.390159963
GCCTTA,0.870495173
GCCTTC,1.157972234
GCCTTG,0.382641721
GCCTTT,1.188485848
GCGAAA,1.409071116
GCGAAC,1.364905352
GCGAAG,1.243531237
GCGAAT,1.326754403
GCGACA,1.044132489
GCGACC,0.643695425
GCGACG,0.600884843
GCGACT,0.961127985
GCGAGA,1.219704003
GCGAGC,1.327603041
GCGAGG,0.722198832
GCGAGT,0.31035862
GCGATA,1.19400413
GCGATC,1.273748314
GCGATG,1.266893851
GCGATT,1.19769821
GCGCAA,1.472019279
GCGCAC,2.092507289
GCGCAG,1.092177845
GCGCAT,1.978657947
GCGCCA,0.596035645
GCGCCC,0.917836053
GCGCCG,0.522139235
GCGCCT,0.767326057
GCGCGA,1.255328214
GCGCGC,0.916390087
GCGCGG,0.372208086
GCGCGT,0.360303196
GCGCTA,0.864437956
GCGCTC,1.010474911
GCGCTG,0.2857335
GCGCTT,1.287442165
GCGGAA,0.478142905
GCGGAC,0.157105815
GCGGAG,0.513775427
GCGGAT,0.369374414
GCGGCA,0.24214762
GCGGCC,0.147778149
GCGGCG,0.329317821
GCGGCT,0.333601088
GCGGGA,0.152817825
GCGGGC,0.326127181
GCGGGG,0.237187553
GCGGGT,-0.188431287
GCGGTA,0.166980739
GCGGTC,0.299038219
GCGGTG,0.197915136
GCGGTT,0.25632738
GCGTAA,1.849552449
GCGTAC,1.867014922
GCGTAG,1.371527812
GCGTAT,2.176823134
GCGTCA,0.839557472
GCGTCC,0.697508268
GCGTCG,1.771203431
GCGTCT,0.362504353
GCGTGA,1.139096715
GCGTGC,1.073471035
GCGTGG,0.442704543
GCGTGT,0.542324173
GCGTTA,0.900036349
GCGTTC,1.028261312
GCGTTG,0.910920509
GCGTTT,1.162430523
GCTAAA,1.403853994
GCTAAC,1.747588752
GCTAAG,1.144866214
GCTAAT,1.650448129
GCTACA,0.662702676
GCTACC,0.647584398
GCTACG,1.188404196
GCTACT,0.645505549
GCTAGA,1.51045768
GCTAGC,0.986489304
GCTAGG,0.616058158
GCTAGT,0.357794538
GCTATA,1.072231277
GCTATC,0.942946802
GCTATG,1.306474956
GCTATT,1.204003148
GCTCAA,0.592767499
GCTCAC,0.669289563
GCTCAG,0.585174682
GCTCAT,0.634859634
GCTCCA,0.375205824
GCTCCC,0.649409799
GCTCCG,0.267029916
GCTCCT,0.312455768
GCTCGA,0.461928584
GCTCGC,0.493700164
GCTCGG,0.387561071
GCTCGT,0.382567754
GCTCTA,0.66190041
GCTCTC,0.297685793
GCTCTG,0.415959755
GCTCTT,0.438397854
GCTGAA,0.716673015
GCTGAC,1.002005156
GCTGAG,0.478197025
GCTGAT,0.431611735
GCTGCA,0.34671564
GCTGCC,0.609189026
GCTGCG,0.499108131
GCTGCT,0.432000502
GCTGGA,0.267894559
GCTGGC,0.31329118
GCTGGG,0.214537029
GCTGGT,0.620088692
GCTGTA,0.752697522
GCTGTC,0.438546729
GCTGTG,0.523002755
GCTGTT,0.352238384
GCTTAA,1.930784858
GCTTAC,2.229503881
GCTTAG,1.743046973
GCTTAT,2.551247135
GCTTCA,0.670544528
GCTTCC,0.425539818
GCTTCG,0.290840515
GCTTCT,0.60617184
GCTTGA,1.752990056
GCTTGC,1.547666442
GCTTGG,0.277787188
GCTTGT,0.431529311
GCTTTA,1.431960565
GCTTTC,1.137518577
GCTTTG,1.297274313
GCTTTT,1.576896706
GGAAAA,0.617737145
GGAAAC,0.586717469
GGAAAG,0.655102264
GGAAAT,0.589456832
GGAACA,0.439651172
GGAACC,0.483408562
GGAACG,0.600590483
GGAACT,0.562580178
GGAAGA,0.676267534
GGAAGC,0.412739238
GGAAGG,0.19824219
GGAAGT,0.276522045
GGAATA,0.313883007
GGAATC,0.561994716
GGAATG,0.594552773
GGAATT,0.299259913
GGACAA,0.310276363
GGACAC,0.425126293
GGACAG,0.333159687
GGACAT,0.586288716
GGACCA,0.356175485
GGACCC,0.324668398
GGACCG,0.455350148
GGACCT,0.403294021
GGACGA,0.30787102
GGACGC,0.367717973
GGACGG,0.136304963
GGACGT,0.165404862
GGACTA,0.168760229
GGACTC,0.25778938
GGACTG,-0.650498868
GGACTT,0.271981211
GGAGAA,0.381195511
GGAGAC,0.512199471
GGAGAG,0.785082699
GGAGAT,0.399220217
GGAGCA,0.371524168
GGAGCC,0.477456894
GGAGCG,0.712324886
GGAGCT,0.525968017
GGAGGA,0.355788894
GGAGGC,0.125495739
GGAGGG,0.22090694
GGAGGT,0.393407843
GGAGTA,0.421502254
GGAGTC,0.254270131
GGAGTG,0.34556628
GGAGTT,0.361672688
GGATAA,0.553064381
GGATAC,0.566701276
GGATAG,0.606809355
GGATAT,0.607129869
GGATCA,0.253093808
GGATCC,0.284989547
GGATCG,0.538531595
GGATCT,0.58547246
GGATGA,0.597292309
GGATGC,0.531458255
GGATGG,0.317866158
GGATGT,0.504063779
GGATTA,0.408424865
GGATTC,0.392997521
GGATTG,0.534267655
GGATTT,0.515671984
GGCAAA,0.230913429
GGCAAC,0.404011031
GGCAAG,0.467365672
GGCAAT,0.401407487
GGCACA,0.152725944
GGCACC,0.281546695
GGCACG,0.16141609
GGCACT,0.414420053
GGCAGA,0.384459359
GGCAGC,0.313135886
GGCAGG,0.212467126
GGCAGT,0.396082958
GGCATA,0.110936585
GGCATC,0.558924579
GGCATG,0.57398316
GGCATT,0.436116874
GGCCAA,0.333693876
GGCCAC,0.463591525
GGCCAG,0.424805739
GGCCAT,0.541381819
GGCCCA,0.338305255
GGCCCC,0.618173138
GGCCCG,0.230410643
GGCCCT,0.309964516
GGCCGA,0.113874842
GGCCGC,-0.011687836
GGCCGG,0.157756768
GGCCGT,0.557157145
GGCCTA,0.339233862
GGCCTC,0.458516755
GGCCTG,0.485773306
GGCCTT,0.336715561
GGCGAA,0.19370607
GGCGAC,0.263196597
GGCGAG,0.356811966
GGCGAT,0.489050704
GGCGCA,0.366847796
GGCGCC,0.400298908
GGCGCG,0.298214272
GGCGCT,0.526002825
GGCGGA,0.304872666
GGCGGC,0.148618695
GGCGGG,0.337590594
GGCGGT,0.298542253
GGCGTA,0.317137824
GGCGTC,0.356803211
GGCGTG,0.502653968
GGCGTT,0.256783301
GGCTAA,0.230014519
GGCTAC,0.889108435
GGCTAG,0.171284672
GGCTAT,0.237035597
GGCTCA,0.158117869
GGCTCC,0.691344832
GGCTCG,0.232985658
GGCTCT,0.426773939
GGCTGA,0.298698146
GGCTGC,0.373218682
GGCTGG,0.091710542
GGCTGT,0.296350594
GGCTTA,0.373400318
GGCTTC,0.296467053
GGCTTG,0.241746503
GGCTTT,0.277759237
GGGAAA,0.396204473
GGGAAC,0.646348755
GGGAAG,0.534053683
GGGAAT,0.473523259
GGGACA,0.398292634
GGGACC,0.479806857
GGGACG,0.424654046
GGGACT,0.313562335
GGGAGA,0.426902301
GGGAGC,0.563018952
GGGAGG,0.398615032
GGGAGT,0.463173845
GGGATA,0.314430508
GGGATC,0.348493424
GGGATG,0.452488372
GGGATT,0.265420496
GGGCAA,0.278585126
GGGCAC,0.514466231
GGGCAG,0.265833197
GGGCAT,0.276260214
GGGCCA,0.232370498
GGGCCC,0.566256639
GGGCCG,0.417149099
GGGCCT,0.313473822
GGGCGA,0.205275412
GGGCGC,0.328561604
GGGCGG,0.299853344
GGGCGT,0.459082213
GGGCTA,0.518548011
GGGCTC,0.268609198
GGGCTG,-0.162789087
GGGCTT,0.386088102
GGGGAA,0.437781523
GGGGAC,0.462812247
GGGGAG,0.437886448
GGGGAT,0.400749618
GGGGCA,0.234066695
GGGGCC,0.474245431
GGGGCG,0.412162587
GGGGCT,0.500065092
GGGGGA,0.248062686
GGGGGC,0.255831566
GGGGGG,0.301309742
GGGGGT,0.224909526
GGGGTA,0.209960545
GGGGTC,0.040327228
GGGGTG,0.373353061
GGGGTT,0.28781237
GGGTAA,0.515372967
GGGTAC,0.258777008
GGGTAG,0.396503318
GGGTAT,0.289001651
GGGTCA,0.122452755
GGGTCC,0.04662413
GGGTCG,0.226998329
GGGTCT,0.174749012
GGGTGA,0.41158408
GGGTGC,0.42487077
GGGTGG,0.106877992
GGGTGT,0.494592078
GGGTTA,0.269710505
GGGTTC,0.138100383
GGGTTG,0.363452138
GGGTTT,0.196878154
GGTAAA,0.170387372
GGTAAC,0.218739464
GGTAAG,0.381919264
GGTAAT,0.158997146
GGTACA,0.169615538
GGTACC,0.336377614
GGTACG,0.248175577
GGTACT,0.303233321
GGTAGA,0.353143312
GGTAGC,0.355514915
GGTAGG,0.384001965
GGTAGT,0.219058198
GGTATA,0.334823928
GGTATC,0.185591028
GGTATG,0.451563225
GGTATT,0.314217415
GGTCAA,0.111483434
GGTCAC,0.135333323
GGTCAG,0.158773624
GGTCAT,0.282670731
GGTCCA,0.345333738
GGTCCC,0.177429843
GGTCCG,0.120971957
GGTCCT,0.246737762
GGTCGA,0.045987531
GGTCGC,0.06887822
GGTCGG,0.301624891
GGTCGT,0.000153958
GGTCTA,0.188189602
GGTCTC,0.431412187
GGTCTG,0.176700962
GGTCTT,0.213403056
GGTGAA,0.410870728
GGTGAC,0.241710659
GGTGAG,0.284458048
GGTGAT,0.199060823
GGTGCA,0.169366061
GGTGCC,0.314774655
GGTGCG,0.371568823
GGTGCT,0.109019721
GGTGGA,0.151116622
GGTGGC,0.32839796
GGTGGG,0.140226863
GGTGGT,0.926205709
GGTGTA,0.131860624
GGTGTC,0.284380972
GGTGTG,0.392755485
GGTGTT,0.269732024
GGTTAA,0.26693896
GGTTAC,0.103405485
GGTTAG,0.234239492
GGTTAT,0.243737328
GGTTCA,0.067707851
GGTTCC,0.149921788
GGTTCG,0.365798213
GGTTCT,0.15883258
GGTTGA,0.289776447
GGTTGC,0.10990507
GGTTGG,0.257553909
GGTTGT,0.007447838
GGTTTA,0.125627307
GGTTTC,0.286881653
GGTTTG,0.23259528
GGTTTT,0.176945013
GTAAAA,1.712184599
GTAAAC,1.708188053
GTAAAG,1.247810516
GTAAAT,1.626502579
GTAACA,1.112733713
GTAACC,0.507157773
GTAACG,0.488646564
GTAACT,1.081163386
GTAAGA,1.766168874
GTAAGC,1.270541989
GTAAGG,0.606541843
GTAAGT,0.286286404
GTAATA,1.622608896
GTAATC,1.409497213
GTAATG,1.566213517
GTAATT,1.647574518
GTACAA,1.336918112
GTACAC,1.605147233
GTACAG,0.937063234
GTACAT,1.803845665
GTACCA,0.053871013
GTACCC,0.476531396
GTACCG,0.215604144
GTACCT,0.555688127
GTACGA,0.58341588
GTACGC,0.628038829
GTACGG,0.191109401
GTACGT,0.56486879
GTACTA,0.812880287
GTACTC,1.104897564
GTACTG,-0.371776017
GTACTT,1.226837743
GTAGAA,1.681913253
GTAGAC,1.804729832
GTAGAG,1.441199213
GTAGAT,0.978765026
GTAGCA,1.067068018
GTAGCC,0.505387014
GTAGCG,0.901580587
GTAGCT,0.850647592
GTAGGA,0.408928073
GTAGGC,0.296896608
GTAGGG,0.223394846
GTAGGT,0.180014806
GTAGTA,0.871322249
GTAGTC,0.697414866
GTAGTG,0.813854017
GTAGTT,0.752797281
GTATAA,2.961514615
GTATAC,2.878741459
GTATAG,2.013641756
GTATAT,2.993358425
GTATCA,1.075634988
GTATCC,0.439814096
GTATCG,0.520614935
GTATCT,1.459264644
GTATGA,2.489254636
GTATGC,2.402274367
GTATGG,0.365905551
GTATGT,0.729583833
GTATTA,1.990700374
GTATTC,1.623611377
GTATTG,1.35317705
GTATTT,2.499296187
GTCAAA,0.891963442
GTCAAC,0.840361182
GTCAAG,0.885024735
GTCAAT,0.724780844
GTCACA,0.728578073
GTCACC,0.433624097
GTCACG,0.528600362
GTCACT,0.77343346
GTCAGA,0.826622946
GTCAGC,0.57952891
GTCAGG,0.432906478
GTCAGT,0.398737779
GTCATA,0.758083183
GTCATC,0.713586394
GTCATG,0.726265717
GTCATT,0.794099089
GTCCAA,0.280071808
GTCCAC,0.43789171
GTCCAG,0.217258909
GTCCAT,0.294661688
GTCCCA,0.221865866
GTCCCC,0.380697743
GTCCCG,0.491900274
GTCCCT,0.217464368
GTCCGA,0.137475295
GTCCGC,0.12727517
GTCCGG,0.223951354
GTCCGT,0.422127498
GTCCTA,0.183109571
GTCCTC,0.298799046
GTCCTG,0.051124177
GTCCTT,0.22032119
GTCGAA,0.690601332
GTCGAC,0.708526015
GTCGAG,0.766927135
GTCGAT,0.569355329
GTCGCA,0.612911251
GTCGCC,0.49267576
GTCGCG,0.439062441
GTCGCT,0.642068832
GTCGGA,0.219779463
GTCGGC,0.087081124
GTCGGG,0.2370644
GTCGGT,0.502087784
GTCGTA,0.33988133
GTCGTC,0.933147739
GTCGTG,0.646822399
GTCGTT,0.687642852
GTCTAA,0.397439744
GTCTAC,0.385237283
GTCTAG,0.534103043
GTCTAT,0.374300345
GTCTCA,-0.070210071
GTCTCC,0.427171499
GTCTCG,-0.109698253
GTCTCT,0.198169227
GTCTGA,0.190885402
GTCTGC,0.277270361
GTCTGG,0.120489871
GTCTGT,0.206741995
GTCTTA,0.320651552
GTCTTC,0.325613805
GTCTTG,0.379001871
GTCTTT,0.320524558
GTGAAA,1.196492237
GTGAAC,1.246028264
GTGAAG,0.906480631
GTGAAT,0.90014879
GTGACA,0.774253191
GTGACC,0.277005479
GTGACG,0.513897783
GTGACT,0.729736347
GTGAGA,1.013173127
GTGAGC,0.79988171
GTGAGG,0.601907014
GTGAGT,0.338549169
GTGATA,0.967447202
GTGATC,0.883547203
GTGATG,0.617571834
GTGATT,0.74011229
GTGCAA,1.098986836
GTGCAC,1.416237199
GTGCAG,0.969080335
GTGCAT,0.907443135
GTGCCA,0.366544106
GTGCCC,0.590646882
GTGCCG,0.096430728
GTGCCT,0.369195451
GTGCGA,0.701950245
GTGCGC,0.459359229
GTGCGG,0.309140828
GTGCGT,0.76207449
GTGCTA,0.706923488
GTGCTC,0.532111877
GTGCTG,0.143504742
GTGCTT,0.572261453
GTGGAA,0.280843112
GTGGAC,0.347451222
GTGGAG,0.327331351
GTGGAT,0.337666118
GTGGCA,0.140752605
GTGGCC,0.255326094
GTGGCG,0.343185505
GTGGCT,0.656306268
GTGGGA,0.244120563
GTGGGC,0.330140612
GTGGGG,0.303162851
GTGGGT,-0.013690924
GTGGTA,0.214708471
GTGGTC,-0.014420726
GTGGTG,0.04539492
GTGGTT,0.499387806
GTGTAA,1.307046309
GTGTAC,1.482700867
GTGTAG,1.045835488
GTGTAT,0.957088569
GTGTCA,0.448602505
GTGTCC,0.3363205
GTGTCG,0.388270616
GTGTCT,0.361750615
GTGTGA,0.945428789
GTGTGC,0.694880717
GTGTGG,0.469203098
GTGTGT,0.797123226
GTGTTA,0.909757465
GTGTTC,0.787505797
GTGTTG,0.750792715
GTGTTT,0.650810881
GTTAAA,1.910366635
GTTAAC,2.094203237
GTTAAG,1.515823135
GTTAAT,1.944249216
GTTACA,1.155794211
GTTACC,0.544408415
GTTACG,0.54011932
GTTACT,1.545416217
GTTAGA,2.206355695
GTTAGC,1.756499304
GTTAGG,0.97137232
GTTAGT,0.56387618
GTTATA,1.823951379
GTTATC,1.506459073
GTTATG,2.02349284
GTTATT,1.836990085
GTTCAA,0.784619822
GTTCAC,0.654214528
GTTCAG,0.539973646
GTTCAT,0.946129102
GTTCCA,0.18637829
GTTCCC,0.152777546
GTTCCG,0.42511073
GTTCCT,0.279692745
GTTCGA,0.298953429
GTTCGC,0.142846476
GTTCGG,0.163115104
GTTCGT,0.373268253
GTTCTA,0.377996355
GTTCTC,0.40530088
GTTCTG,0.249236372
GTTCTT,0.410857062
GTTGAA,1.334192824
GTTGAC,1.847859578
GTTGAG,0.850236354
GTTGAT,0.546446393
GTTGCA,1.133291489
GTTGCC,0.491105324
GTTGCG,0.663459859
GTTGCT,0.665487139
GTTGGA,0.151830047
GTTGGC,0.196945309
GTTGGG,0.20570304
GTTGGT,0.974959144
GTTGTA,0.945838132
GTTGTC,0.697033076
GTTGTG,0.721942523
GTTGTT,0.47462891
GTTTAA,1.97966158
GTTTAC,1.640872945
GTTTAG,1.533882668
GTTTAT,2.062738768
GTTTCA,0.310407944
GTTTCC,0.140179018
GTTTCG,0.239134683
GTTTCT,0.573690023
GTTTGA,1.098254632
GTTTGC,1.847556588
GTTTGG,0.468519088
GTTTGT,0.542534178
GTTTTA,1.15837428
GTTTTC,1.059729483
GTTTTG,0.640543705
GTTTTT,1.832961406
TAAAAA,1.43295099
TAAAAC,1.422858199
TAAAAG,1.033378688
TAAAAT,1.22584354
TAAACA,1.025367418
TAAACC,0.438764916
TAAACG,0.338598626
TAAACT,0.870989401
TAAAGA,1.144965818
TAAAGC,0.901268935
TAAAGG,0.412319963
TAAAGT,0.374631825
TAAATA,1.407125623
TAAATC,1.065528229
TAAATG,0.98978372
TAAATT,1.165650956
TAACAA,1.027594337
TAACAC,1.302103129
TAACAG,0.735403722
TAACAT,1.412672589
TAACCA,0.306887644
TAACCC,0.415071252
TAACCG,0.412578053
TAACCT,0.497085044
TAACGA,0.365630107
TAACGC,0.437479891
TAACGG,0.366558075
TAACGT,0.347125703
TAACTA,0.619660183
TAACTC,0.882451028
TAACTG,-0.350248169
TAACTT,1.03076453
TAAGAA,1.237612542
TAAGAC,1.671624381
TAAGAG,0.902435769
TAAGAT,0.99550583
TAAGCA,0.978713861
TAAGCC,0.421497372
TAAGCG,0.606073529
TAAGCT,0.791890639
TAAGGA,0.276164972
TAAGGC,0.25283487
TAAGGG,0.377706027
TAAGGT,0.364384696
TAAGTA,0.981978525
TAAGTC,0.382784437
TAAGTG,0.661771174
TAAGTT,0.559659813
TAATAA,2.34879223
TAATAC,2.502270466
TAATAG,1.85933178
TAATAT,2.297626183
TAATCA,0.938390034
TAATCC,0.391677515
TAATCG,0.478697575
TAATCT,1.110480872
TAATGA,1.519664346
TAATGC,1.677330234
TAATGG,0.430705287
TAATGT,0.477291193
TAATTA,1.621464765
TAATTC,1.476589793
TAATTG,0.886318553
TAATTT,1.587740688
TACAAA,1.985665886
TACAAC,1.665049267
TACAAG,1.061463341
TACAAT,1.471679844
TACACA,1.353333791
TACACC,0.771862563
TACACG,0.418307571
TACACT,1.30579559
TACAGA,1.685498357
TACAGC,1.268538614
TACAGG,0.545980058
TACAGT,0.289129906
TACATA,1.907226628
TACATC,1.758382521
TACATG,1.277860383
TACATT,1.920630909
TACCAA,0.412436438
TACCAC,0.464955098
TACCAG,0.519872141
TACCAT,0.540196255
TACCCA,0.477567681
TACCCC,0.424526989
TACCCG,0.106281787
TACCCT,0.341470847
TACCGA,0.195793174
TACCGC,0.024654112
TACCGG,0.447803051
TACCGT,-0.020988273
TACCTA,0.194785367
TACCTC,0.646186155
TACCTG,0.065255917
TACCTT,0.302370357
TACGAA,0.633900412
TACGAC,0.424242556
TACGAG,0.474678964
TACGAT,0.573484993
TACGCA,0.356255881
TACGCC,0.467240803
TACGCG,0.342628569
TACGCT,0.466354159
TACGGA,0.040888722
TACGGC,0.153932095
TACGGG,0.082462904
TACGGT,-0.498863021
TACGTA,0.601044456
TACGTC,0.149827796
TACGTG,0.406816291
TACGTT,0.366025654
TACTAA,1.529919968
TACTAC,1.58354123
TACTAG,1.024240702
TACTAT,1.467842351
TACTCA,0.926578093
TACTCC,0.509252515
TACTCG,0.564703408
TACTCT,1.145714488
TACTGA,0.513719576
TACTGC,0.658851389
TACTGG,0.30886329
TACTGT,0.338717052
TACTTA,1.116211107
TACTTC,1.467361951
TACTTG,0.80903353
TACTTT,1.45536705
TAGAAA,1.812939049
TAGAAC,2.025220522
TAGAAG,1.183398418
TAGAAT,1.637194183
TAGACA,1.145616463
TAGACC,0.509187305
TAGACG,0.459625648
TAGACT,1.217491691
TAGAGA,1.586561495
TAGAGC,1.18271612
TAGAGG,0.707897937
TAGAGT,0.253985888
TAGATA,1.501449136
TAGATC,1.398188874
TAGATG,0.970678477
TAGATT,1.53231475
TAGCAA,1.621128745
TAGCAC,2.04433813
TAGCAG,1.285206873
TAGCAT,1.993960917
TAGCCA,0.399160124
TAGCCC,0.375079902
TAGCCG,0.124417084
TAGCCT,0.421447434
TAGCGA,1.022559257
TAGCGC,1.01500504
TAGCGG,0.447280685
TAGCGT,0.455222408
TAGCTA,1.112471907
TAGCTC,1.026927124
TAGCTG,0.250351326
TAGCTT,1.258235119
TAGGAA,0.58075012
TAGGAC,0.763364397
TAGGAG,0.440253497
TAGGAT,0.38870536
TAGGCA,0.381935603
TAGGCC,0.421434918
TAGGCG,0.345842147
TAGGCT,0.492102729
TAGGGA,0.291974806
TAGGGC,0.182753401
TAGGGG,0.26134348
TAGGGT,0.476875
TAGGTA,0.364073383
TAGGTC,0.115228719
TAGGTG,0.391406221
TAGGTT,0.302649462
TAGTAA,2.301070207
TAGTAC,2.30348255
TAGTAG,1.526291603
TAGTAT,1.959533091
TAGTCA,0.523528565
TAGTCC,0.133391678
TAGTCG,0.412664148
TAGTCT,0.437448437
TAGTGA,1.05975612
TAGTGC,1.030618068
TAGTGG,0.260920124
TAGTGT,0.651343549
TAGTTA,1.735355222
TAGTTC,1.441703116
TAGTTG,1.031683884
TAGTTT,1.477631101
TATAAA,2.084797515
TATAAC,2.02801241
TATAAG,1.4336113
TATAAT,1.926335532
TATACA,0.991800149
TATACC,0.361060523
TATACG,0.207215075
TATACT,1.388588791
TATAGA,2.260380749
TATAGC,1.829345046
TATAGG,0.69596824
TATAGT,0.487478557
TATATA,2.022819348
TATATC,1.474222879
TATATG,1.19363327
TATATT,1.978596523
TATCAA,1.001099266
TATCAC,1.02185156
TATCAG,0.70355478
TATCAT,1.30322438
TATCCA,0.346472886
TATCCC,0.347458655
TATCCG,0.254820851
TATCCT,0.431208973
TATCGA,0.564295487
TATCGC,0.469471947
TATCGG,0.259962434
TATCGT,0.52520381
TATCTA,0.595033794
TATCTC,0.477752462
TATCTG,0.107218137
TATCTT,0.567555125
TATGAA,1.773406905
TATGAC,1.807971953
TATGAG,0.753306224
TATGAT,0.605437835
TATGCA,1.596720297
TATGCC,0.510431233
TATGCG,0.355859079
TATGCT,0.62578463
TATGGA,0.14563789
TATGGC,0.206528256
TATGGG,0.262731618
TATGGT,0.811718958
TATGTA,1.204017785
TATGTC,0.851949257
TATGTG,0.674524784
TATGTT,0.475132042
TATTAA,2.73953551
TATTAC,2.74978213
TATTAG,2.268208779
TATTAT,2.652373394
TATTCA,0.612816017
TATTCC,0.261589683
TATTCG,0.404390657
TATTCT,0.969081101
TATTGA,2.34452433
TATTGC,2.088406178
TATTGG,0.541151093
TATTGT,0.44628358
TATTTA,2.029008255
TATTTC,1.321871829
TATTTG,1.352601487
TATTTT,1.880079684
TCAAAA,0.984366858
TCAAAC,1.360432056
TCAAAG,0.855491877
TCAAAT,0.933104619
TCAACA,0.848134764
TCAACC,0.48453314
TCAACG,0.510745077
TCAACT,0.511554039
TCAAGA,0.876951295
TCAAGC,0.931863636
TCAAGG,0.399740667
TCAAGT,0.098491773
TCAATA,0.88728591
TCAATC,0.201963221
TCAATG,0.861507938
TCAATT,0.825767467
TCACAA,0.878608964
TCACAC,1.303476157
TCACAG,0.727554781
TCACAT,1.193068521
TCACCA,0.235066965
TCACCC,0.312539004
TCACCG,0.247891851
TCACCT,0.392123955
TCACGA,0.503767518
TCACGC,0.584196843
TCACGG,0.195297315
TCACGT,0.464596777
TCACTA,0.824363085
TCACTC,1.122680904
TCACTG,-0.519735302
TCACTT,0.996830214
TCAGAA,0.911024777
TCAGAC,1.23323943
TCAGAG,0.715085037
TCAGAT,0.756996544
TCAGCA,0.580926682
TCAGCC,0.774044167
TCAGCG,0.324457062
TCAGCT,0.494144708
TCAGGA,0.265088855
TCAGGC,0.171821667
TCAGGG,0.160127632
TCAGGT,0.087711006
TCAGTA,0.532865433
TCAGTC,0.188811811
TCAGTG,0.585786771
TCAGTT,0.303106395
TCATAA,1.95263168
TCATAC,1.996318406
TCATAG,1.314866142
TCATAT,1.989414024
TCATCA,0.819763356
TCATCC,0.38388225
TCATCG,0.435309069
TCATCT,1.208212972
TCATGA,1.303912402
TCATGC,1.411712252
TCATGG,0.341362938
TCATGT,0.392537983
TCATTA,1.487716882
TCATTC,1.412694036
TCATTG,0.872241024
TCATTT,1.528658078
TCCAAA,0.664625593
TCCAAC,0.66468473
TCCAAG,0.722994859
TCCAAT,0.662412904
TCCACA,0.448504188
TCCACC,0.581438081
TCCACG,0.392802412
TCCACT,0.584070786
TCCAGA,0.654002521
TCCAGC,0.40217215
TCCAGG,0.549589309
TCCAGT,0.241549488
TCCATA,0.409180072
TCCATC,0.488884079
TCCATG,0.524646544
TCCATT,0.516948355
TCCCAA,0.493491423
TCCCAC,0.531154708
TCCCAG,0.463679248
TCCCAT,0.441947982
TCCCCA,0.049810157
TCCCCC,0.693444954
TCCCCG,0.316295665
TCCCCT,0.640550451
TCCCGA,0.17255366
TCCCGC,-0.041187561
TCCCGG,0.288780044
TCCCGT,0.16784615
TCCCTA,0.210867427
TCCCTC,0.316209478
TCCCTG,0.245032292
TCCCTT,0.307084919
TCCGAA,0.100018474
TCCGAC,0.32235413
TCCGAG,0.346026504
TCCGAT,0.187270231
TCCGCA,0.105598069
TCCGCC,-0.014022784
TCCGCG,0.176021596
TCCGCT,-0.01416757
TCCGGA,0.110404168
TCCGGC,0.098965623
TCCGGG,0.027846386
TCCGGT,0.042223455
TCCGTA,0.078552573
TCCGTC,0.044573742
TCCGTG,0.061533839
TCCGTT,-0.018440115
TCCTAA,0.487193726
TCCTAC,0.539197926
TCCTAG,0.46032004
TCCTAT,0.571615002
TCCTCA,0.401270707
TCCTCC,0.388243271
TCCTCG,0.61255509
TCCTCT,0.514542101
TCCTGA,0.456575429
TCCTGC,0.207851064
TCCTGG,0.160411539
TCCTGT,0.270908874
TCCTTA,0.43254594
TCCTTC,0.440997943
TCCTTG,0.386617925
TCCTTT,0.676839016
TCGAAA,0.993995939
TCGAAC,1.11536424
TCGAAG,1.055009693
TCGAAT,0.87970625
TCGACA,0.596304441
TCGACC,0.738714088
TCGACG,0.480440609
TCGACT,0.592984609
TCGAGA,0.52152797
TCGAGC,0.618340084
TCGAGG,0.285510576
TCGAGT,0.352179951
TCGATA,0.819639068
TCGATC,0.674964801
TCGATG,0.871708908
TCGATT,1.083401176
TCGCAA,1.054537404
TCGCAC,1.474984946
TCGCAG,0.897258638
TCGCAT,1.347996683
TCGCCA,0.379933239
TCGCCC,0.722737153
TCGCCG,0.206232217
TCGCCT,0.53415482
TCGCGA,0.696920185
TCGCGC,0.792553104
TCGCGG,0.07023669
TCGCGT,0.337063349
TCGCTA,0.616015106
TCGCTC,0.671675028
TCGCTG,-0.080518489
TCGCTT,0.928895588
TCGGAA,0.222479823
TCGGAC,0.196384607
TCGGAG,0.2189575
TCGGAT,0.433215882
TCGGCA,-0.017476899
TCGGCC,0.294577031
TCGGCG,0.234326334
TCGGCT,0.376737566
TCGGGA,0.269375928
TCGGGC,0.251050498
TCGGGG,0.159462041
TCGGGT,0.288075535
TCGGTA,0.186903415
TCGGTC,0.302281753
TCGGTG,0.373269446
TCGGTT,0.190526504
TCGTAA,1.313961828
TCGTAC,1.392954856
TCGTAG,1.126592903
TCGTAT,1.338043866
TCGTCA,0.398367382
TCGTCC,0.478713217
TCGTCG,0.392153598
TCGTCT,0.637917126
TCGTGA,0.904123824
TCGTGC,0.588624258
TCGTGG,0.265610097
TCGTGT,0.339156638
TCGTTA,0.937167737
TCGTTC,0.880793152
TCGTTG,0.885037797
TCGTTT,1.001688926
TCTAAA,0.954228475
TCTAAC,0.873151725
TCTAAG,0.698781998
TCTAAT,0.950338603
TCTACA,0.603381513
TCTACC,0.401418502
TCTACG,0.289222969
TCTACT,0.865065557
TCTAGA,1.109029985
TCTAGC,0.78330897
TCTAGG,0.326941749
TCTAGT,0.153173737
TCTATA,1.01779056
TCTATC,0.967763573
TCTATG,0.892710491
TCTATT,0.949923831
TCTCAA,0.522154701
TCTCAC,0.684394
TCTCAG,0.543078122
TCTCAT,0.689092197
TCTCCA,0.176150052
TCTCCC,0.546011814
TCTCCG,0.336655058
TCTCCT,0.283417092
TCTCGA,0.219821097
TCTCGC,0.251180431
TCTCGG,0.05100278
TCTCGT,0.282710731
TCTCTA,0.487251689
TCTCTC,0.412295804
TCTCTG,0.360586371
TCTCTT,0.538519039
TCTGAA,0.158243964
TCTGAC,0.350929484
TCTGAG,0.239314139
TCTGAT,0.117790376
TCTGCA,0.253907881
TCTGCC,0.294784799
TCTGCG,0.284743664
TCTGCT,0.122612107
TCTGGA,0.122030773
TCTGGC,0.06293564
TCTGGG,0.06671726
TCTGGT,-0.27716796
TCTGTA,0.374746173
TCTGTC,0.3884744
TCTGTG,0.366351757
TCTGTT,0.169176621
TCTTAA,1.463803788
TCTTAC,1.598291852
TCTTAG,1.149013677
TCTTAT,1.482779557
TCTTCA,0.625133786
TCTTCC,0.273575696
TCTTCG,0.107834059
TCTTCT,0.698127884
TCTTGA,0.924075169
TCTTGC,0.91127269
TCTTGG,0.284418649
TCTTGT,0.385113024
TCTTTA,0.995667683
TCTTTC,1.001683064
TCTTTG,0.73225611
TCTTTT,1.050342413
TGAAAA,1.212706161
TGAAAC,1.202475578
TGAAAG,0.738404677
TGAAAT,0.929194746
TGAACA,0.844341889
TGAACC,0.3495072
TGAACG,0.330059594
TGAACT,0.925013671
TGAAGA,0.807619014
TGAAGC,0.658003592
TGAAGG,0.196557568
TGAAGT,0.360837787
TGAATA,1.161936172
TGAATC,1.145360614
TGAATG,0.937025116
TGAATT,1.010831815
TGACAA,0.591359938
TGACAC,0.890647281
TGACAG,0.443478959
TGACAT,0.779403835
TGACCA,0.438633933
TGACCC,0.289452427
TGACCG,0.398223983
TGACCT,0.354051179
TGACGA,0.45741717
TGACGC,0.043609284
TGACGG,0.234655308
TGACGT,0.208863318
TGACTA,0.60915032
TGACTC,0.592112786
TGACTG,-0.460036675
TGACTT,0.811933922
TGAGAA,1.115568117
TGAGAC,0.932567187
TGAGAG,0.763162347
TGAGAT,0.680986631
TGAGCA,0.561063574
TGAGCC,0.705638912
TGAGCG,0.566020479
TGAGCT,0.497186639
TGAGGA,0.248345058
TGAGGC,0.169894643
TGAGGG,0.369467105
TGAGGT,0.311807664
TGAGTA,0.811102825
TGAGTC,0.574449904
TGAGTG,0.558890817
TGAGTT,0.354249788
TGATAA,1.789191819
TGATAC,1.829988094
TGATAG,1.214214056
TGATAT,1.722362399
TGATCA,0.88076395
TGATCC,0.487029674
TGATCG,0.510376062
TGATCT,1.119030873
TGATGA,0.997786093
TGATGC,1.102221826
TGATGG,0.133572067
TGATGT,0.433782138
TGATTA,1.639284585
TGATTC,1.30269333
TGATTG,1.031320757
TGATTT,0.943287264
TGCAAA,1.874597608
TGCAAC,1.806467978
TGCAAG,1.076719622
TGCAAT,1.350994542
TGCACA,1.552959722
TGCACC,0.594799409
TGCACG,0.396510438
TGCACT,1.434974394
TGCAGA,1.70323619
TGCAGC,1.283092976
TGCAGG,0.701626949
TGCAGT,0.639730131
TGCATA,1.830713811
TGCATC,1.767731625
TGCATG,1.300736392
TGCATT,1.742907249
TGCCAA,0.278449558
TGCCAC,0.458025916
TGCCAG,0.266224989
TGCCAT,0.508376672
TGCCCA,0.314583677
TGCCCC,0.364892991
TGCCCG,0.325000429
TGCCCT,0.400600968
TGCCGA,0.163962802
TGCCGC,0.159544715
TGCCGG,0.080473958
TGCCGT,0.097587418
TGCCTA,0.194842408
TGCCTC,0.525132061
TGCCTG,0.352214317
TGCCTT,0.259967916
TGCGAA,0.858415551
TGCGAC,0.951369125
TGCGAG,0.595945676
TGCGAT,0.763674373
TGCGCA,0.947073569
TGCGCC,0.74852608
TGCGCG,0.763283676
TGCGCT,0.759690059
TGCGGA,0.261935418
TGCGGC,-0.00919947
TGCGGG,0.214840546
TGCGGT,-0.241681354
TGCGTA,0.645818166
TGCGTC,0.559266506
TGCGTG,0.522642486
TGCGTT,0.561344588
TGCTAA,1.401197671
TGCTAC,1.140791953
TGCTAG,0.84567838
TGCTAT,1.413769916
TGCTCA,0.687982409
TGCTCC,0.655206273
TGCTCG,0.426425382
TGCTCT,0.62848739
TGCTGA,0.50001006
TGCTGC,0.498579672
TGCTGG,0.178208076
TGCTGT,0.39266002
TGCTTA,1.27185241
TGCTTC,1.14792405
TGCTTG,0.906296368
TGCTTT,1.312085455
TGGAAA,0.649627627
TGGAAC,0.556602469
TGGAAG,0.594142526
TGGAAT,0.562818618
TGGACA,0.548791351
TGGACC,0.64421349
TGGACG,0.464356701
TGGACT,0.566989081
TGGAGA,0.72413972
TGGAGC,0.494257204
TGGAGG,0.45386489
TGGAGT,0.411180181
TGGATA,0.44535374
TGGATC,0.443511087
TGGATG,0.552434893
TGGATT,0.448667839
TGGCAA,0.361781999
TGGCAC,0.596734211
TGGCAG,0.522206171
TGGCAT,0.43238889
TGGCCA,0.15458086
TGGCCC,0.350645164
TGGCCG,0.22521872
TGGCCT,0.384935686
TGGCGA,0.409234301
TGGCGC,0.222343807
TGGCGG,0.331145785
TGGCGT,0.567757041
TGGCTA,0.602236364
TGGCTC,0.211709042
TGGCTG,-0.007646983
TGGCTT,0.373042276
TGGGAA,0.42908118
TGGGAC,0.426269934
TGGGAG,0.454028301
TGGGAT,0.309512957
TGGGCA,0.42643637
TGGGCC,0.251846339
TGGGCG,0.248225102
TGGGCT,0.344095055
TGGGGA,0.236386868
TGGGGC,0.122667619
TGGGGG,0.288242339
TGGGGT,0.141726659
TGGGTA,0.405205716
TGGGTC,0.179530124
TGGGTG,0.2550561
TGGGTT,0.404153787
TGGTAA,0.499787999
TGGTAC,0.358007326
TGGTAG,0.400835035
TGGTAT,0.433532108
TGGTCA,0.088905039
TGGTCC,0.329291704
TGGTCG,0.008931289
TGGTCT,0.185015048
TGGTGA,0.361095372
TGGTGC,0.39495071
TGGTGG,0.317997398
TGGTGT,0.345757265
TGGTTA,0.27702714
TGGTTC,0.348014363
TGGTTG,0.380165924
TGGTTT,0.184612342
TGTAAA,1.68441278
TGTAAC,1.771404698
TGTAAG,1.196829642
TGTAAT,1.356265729
TGTACA,1.277172293
TGTACC,0.42889112
TGTACG,0.41961821
TGTACT,1.292102584
TGTAGA,1.382840781
TGTAGC,1.177372525
TGTAGG,0.361181192
TGTAGT,0.434271645
TGTATA,1.830671815
TGTATC,1.604103432
TGTATG,1.297864039
TGTATT,1.304750628
TGTCAA,0.930544279
TGTCAC,0.847410764
TGTCAG,0.605561384
TGTCAT,0.953334981
TGTCCA,0.162542459
TGTCCC,-0.066830389
TGTCCG,0.530569045
TGTCCT,0.338402754
TGTCGA,0.488656956
TGTCGC,0.512303688
TGTCGG,0.192151619
TGTCGT,0.289634461
TGTCTA,0.431237068
TGTCTC,0.257498728
TGTCTG,0.27992348
TGTCTT,0.612953755
TGTGAA,0.870525798
TGTGAC,0.846433697
TGTGAG,0.764833927
TGTGAT,0.284053709
TGTGCA,0.677430861
TGTGCC,0.401773095
TGTGCG,0.296254843
TGTGCT,0.494552416
TGTGGA,0.242140566
TGTGGC,0.295201947
TGTGGG,0.173629534
TGTGGT,0.756335983
TGTGTA,0.463589799
TGTGTC,0.402021926
TGTGTG,0.328367722
TGTGTT,0.156931008
TGTTAA,2.219939675
TGTTAC,2.078145786
TGTTAG,1.8301492
TGTTAT,1.924655839
TGTTCA,0.914438976
TGTTCC,0.244296164
TGTTCG,0.396853029
TGTTCT,0.995441259
TGTTGA,1.441314393
TGTTGC,1.158399909
TGTTGG,0.395101708
TGTTGT,0.372365484
TGTTTA,1.862642192
TGTTTC,1.302369545
TGTTTG,1.24322556
TGTTTT,1.317756404
TTAAAA,1.04443325
TTAAAC,1.127051132
TTAAAG,0.708808358
TTAAAT,0.892656596
TTAACA,0.636684624
TTAACC,0.486199989
TTAACG,0.354538335
TTAACT,0.614109702
TTAAGA,1.029959413
TTAAGC,0.861576247
TTAAGG,0.319068141
TTAAGT,0.26432693
TTAATA,0.941832251
TTAATC,0.895451874
TTAATG,0.790030044
TTAATT,0.982926693
TTACAA,0.684000544
TTACAC,0.99489968
TTACAG,0.408135684
TTACAT,0.901570367
TTACCA,0.086200751
TTACCC,0.367512917
TTACCG,0.249173848
TTACCT,0.27708405
TTACGA,0.261874733
TTACGC,0.316307111
TTACGG,-0.077033146
TTACGT,0.294818222
TTACTA,0.433865119
TTACTC,0.421110604
TTACTG,-0.478699262
TTACTT,0.596303943
TTAGAA,0.817130392
TTAGAC,1.125662069
TTAGAG,0.794022156
TTAGAT,0.641173887
TTAGCA,0.552530839
TTAGCC,0.496373421
TTAGCG,0.533669628
TTAGCT,0.723053756
TTAGGA,0.381292957
TTAGGC,0.277680324
TTAGGG,0.337059823
TTAGGT,0.303870713
TTAGTA,0.766347043
TTAGTC,0.418739657
TTAGTG,0.551475831
TTAGTT,0.574716162
TTATAA,1.458153322
TTATAC,1.50426554
TTATAG,1.285751438
TTATAT,1.627235882
TTATCA,0.470032019
TTATCC,0.291879542
TTATCG,0.257533004
TTATCT,0.952341489
TTATGA,1.235123986
TTATGC,1.167596989
TTATGG,0.228041249
TTATGT,0.53080006
TTATTA,1.132950384
TTATTC,1.062189594
TTATTG,0.951346698
TTATTT,1.137843168
TTCAAA,0.535636975
TTCAAC,0.704551142
TTCAAG,0.664120189
TTCAAT,0.665056604
TTCACA,0.221708215
TTCACC,0.511227796
TTCACG,0.407180022
TTCACT,0.557929194
TTCAGA,0.466613844
TTCAGC,0.347312632
TTCAGG,0.210572686
TTCAGT,0.183652404
TTCATA,0.468153098
TTCATC,0.614013804
TTCATG,0.500908831
TTCATT,0.60522604
TTCCAA,0.211315562
TTCCAC,0.253042327
TTCCAG,0.309215249
TTCCAT,0.16824711
TTCCCA,0.055561749
TTCCCC,0.054439352
TTCCCG,0.071446226
TTCCCT,0.1435571
TTCCGA,0.075715381
TTCCGC,0.016178231
TTCCGG,0.295384783
TTCCGT,-0.111901144
TTCCTA,0.006890152
TTCCTC,0.022445177
TTCCTG,0.059484538
TTCCTT,0.028077826
TTCGAA,0.475070589
TTCGAC,0.722335124
TTCGAG,0.604548611
TTCGAT,0.464862342
TTCGCA,0.420840617
TTCGCC,0.450192556
TTCGCG,0.170422508
TTCGCT,0.341916543
TTCGGA,0.118639323
TTCGGC,0.027573451
TTCGGG,0.209931998
TTCGGT,-0.881425935
TTCGTA,0.445538054
TTCGTC,0.421972203
TTCGTG,0.321747383
TTCGTT,0.398104557
TTCTAA,0.451026354
TTCTAC,0.44921163
TTCTAG,0.356807778
TTCTAT,0.44443337
TTCTCA,0.329279011
TTCTCC,0.489889536
TTCTCG,0.26638837
TTCTCT,0.278853062
TTCTGA,0.224290297
TTCTGC,-0.051630347
TTCTGG,0.265798509
TTCTGT,0.24498729
TTCTTA,0.221131976
TTCTTC,0.34581729
TTCTTG,0.378363175
TTCTTT,0.355002419
TTGAAA,0.977959486
TTGAAC,1.201581189
TTGAAG,0.891389739
TTGAAT,1.00428365
TTGACA,0.663422842
TTGACC,0.276052367
TTGACG,0.529651503
TTGACT,0.808376852
TTGAGA,0.959016827
TTGAGC,0.836835961
TTGAGG,0.380918525
TTGAGT,0.253871824
TTGATA,1.055887352
TTGATC,1.05537186
TTGATG,0.742480194
TTGATT,1.040337781
TTGCAA,0.666560086
TTGCAC,0.904402138
TTGCAG,0.657634224
TTGCAT,0.87425123
TTGCCA,0.256422571
TTGCCC,0.087649008
TTGCCG,0.453511933
TTGCCT,0.262981207
TTGCGA,0.089974153
TTGCGC,0.132287514
TTGCGG,0.269451958
TTGCGT,0.349353617
TTGCTA,0.38061307
TTGCTC,0.421960372
TTGCTG,0.204797442
TTGCTT,0.647704773
TTGGAA,0.540581816
TTGGAC,0.325188534
TTGGAG,0.493225337
TTGGAT,0.27197337
TTGGCA,0.198124743
TTGGCC,0.411015234
TTGGCG,0.304073397
TTGGCT,0.430280137
TTGGGA,0.166307059
TTGGGC,0.334960918
TTGGGG,0.349282656
TTGGGT,0.022005633
TTGGTA,0.097101468
TTGGTC,0.156780667
TTGGTG,0.213025155
TTGGTT,0.253947904
TTGTAA,1.379498243
TTGTAC,1.297133853
TTGTAG,0.931707293
TTGTAT,1.126008655
TTGTCA,0.664568434
TTGTCC,0.149492606
TTGTCG,0.236488971
TTGTCT,0.64410192
TTGTGA,0.575078899
TTGTGC,0.501094929
TTGTGG,0.247527362
TTGTGT,0.552818986
TTGTTA,1.150564095
TTGTTC,1.049229256
TTGTTG,0.818434032
TTGTTT,1.01012522
TTTAAA,0.917884246
TTTAAC,0.956933787
TTTAAG,0.851698569
TTTAAT,0.984419419
TTTACA,0.352944196
TTTACC,0.349770092
TTTACG,0.406383135
TTTACT,0.784114133
TTTAGA,0.832967275
TTTAGC,0.692302482
TTTAGG,0.373481685
TTTAGT,0.309985126
TTTATA,0.870083536
TTTATC,0.710519336
TTTATG,0.685675483
TTTATT,0.792315521
TTTCAA,0.26107966
TTTCAC,0.321696284
TTTCAG,0.458019282
TTTCAT,0.299575993
TTTCCA,0.176068714
TTTCCC,0.284018691
TTTCCG,0.503944203
TTTCCT,0.354623782
TTTCGA,0.005861285
TTTCGC,0.160380619
TTTCGG,0.259522436
TTTCGT,0.121595627
TTTCTA,0.226714622
TTTCTC,0.26404825
TTTCTG,0.142456839
TTTCTT,0.328506313
TTTGAA,0.728697683
TTTGAC,0.842562234
TTTGAG,0.544914984
TTTGAT,0.505792866
TTTGCA,0.638315094
TTTGCC,0.53070952
TTTGCG,0.393787363
TTTGCT,0.565839114
TTTGGA,0.250574378
TTTGGC,0.227695231
TTTGGG,0.195887504
TTTGGT,0.436058443
TTTGTA,0.68211137
TTTGTC,0.619924665
TTTGTG,0.412844623
TTTGTT,0.337289122
TTTTAA,0.945027041
TTTTAC,1.160743403
TTTTAG,0.832520728
TTTTAT,0.978244652
TTTTCA,0.397633239
TTTTCC,0.267728455
TTTTCG,0.239102262
TTTTCT,0.694819947
TTTTGA,0.540688451
TTTTGC,0.451050806
TTTTGG,0.252066884
TTTTGT,0.399572994
TTTTTA,0.685410158
TTTTTC,0.802778967
TTTTTG,0.579158775
TTTTTT,0.785955595